-- phpMyAdmin SQL Dump
-- version 4.9.5deb2
-- https://www.phpmyadmin.net/
--
-- Host: localhost:3306
-- Generation Time: Jan 17, 2022 at 05:55 PM
-- Server version: 8.0.27-0ubuntu0.20.04.1
-- PHP Version: 7.4.27

SET SQL_MODE = "NO_AUTO_VALUE_ON_ZERO";
SET AUTOCOMMIT = 0;
START TRANSACTION;
SET time_zone = "+00:00";


/*!40101 SET @OLD_CHARACTER_SET_CLIENT=@@CHARACTER_SET_CLIENT */;
/*!40101 SET @OLD_CHARACTER_SET_RESULTS=@@CHARACTER_SET_RESULTS */;
/*!40101 SET @OLD_COLLATION_CONNECTION=@@COLLATION_CONNECTION */;
/*!40101 SET NAMES utf8mb4 */;

--
-- Database: `antikode`
--

-- --------------------------------------------------------

--
-- Table structure for table `brand`
--

CREATE TABLE `brand` (
  `id` int NOT NULL,
  `name` varchar(255) NOT NULL,
  `logo` varchar(255) NOT NULL,
  `banner` varchar(255) NOT NULL,
  `created` datetime DEFAULT CURRENT_TIMESTAMP,
  `updated` datetime DEFAULT NULL ON UPDATE CURRENT_TIMESTAMP
) ENGINE=InnoDB DEFAULT CHARSET=utf8mb4 COLLATE=utf8mb4_0900_ai_ci;

--
-- Dumping data for table `brand`
--

INSERT INTO `brand` (`id`, `name`, `logo`, `banner`, `created`, `updated`) VALUES
(1, 'Nike', 'https://miro.medium.com/max/900/0*9hcinRdaHicrNpNE.jpg', 'https://mir-s3-cdn-cf.behance.net/project_modules/max_1200/3e2c9d42940979.57dd87848cf8c.png', '2022-01-13 09:49:32', NULL),
(2, 'adidas', 'https://upload.wikimedia.org/wikipedia/commons/thumb/2/20/Adidas_Logo.svg/2560px-Adidas_Logo.svg.png', 'https://i.pinimg.com/originals/8a/89/86/8a8986373b92cfe172054605ae27c84d.jpg', '2022-01-13 14:21:06', '2022-01-13 14:47:36'),
(3, 'puma', 'https://upload.wikimedia.org/wikipedia/id/thumb/b/b4/Puma_logo.svg/1200px-Puma_logo.svg.png', 'https://mir-s3-cdn-cf.behance.net/project_modules/fs/3cb98856968503.59c35e0fefc9b.jpg', '2022-01-13 14:22:34', NULL),
(4, 'converse', 'https://upload.wikimedia.org/wikipedia/commons/3/30/Converse_logo.svg', 'https://images.thefepi.com/file/brand_all/Home-Brand-BannerCONVERSE-3.jpg', '2022-01-13 14:24:13', NULL),
(5, 'new balance', 'https://upload.wikimedia.org/wikipedia/commons/thumb/e/ea/New_Balance_logo.svg/2560px-New_Balance_logo.svg.png', 'https://yuwenliu.files.wordpress.com/2015/09/new-balance.jpg', '2022-01-13 14:25:35', NULL);

-- --------------------------------------------------------

--
-- Table structure for table `outlet`
--

CREATE TABLE `outlet` (
  `id` int NOT NULL,
  `name` varchar(255) NOT NULL,
  `picture` varchar(255) NOT NULL,
  `address` varchar(255) NOT NULL,
  `latitude` decimal(10,6) NOT NULL,
  `longitude` decimal(10,6) NOT NULL,
  `created` datetime NOT NULL DEFAULT CURRENT_TIMESTAMP,
  `updated` datetime DEFAULT NULL ON UPDATE CURRENT_TIMESTAMP,
  `brand_id` int NOT NULL
) ENGINE=InnoDB DEFAULT CHARSET=utf8mb4 COLLATE=utf8mb4_0900_ai_ci;

--
-- Dumping data for table `outlet`
--

INSERT INTO `outlet` (`id`, `name`, `picture`, `address`, `latitude`, `longitude`, `created`, `updated`, `brand_id`) VALUES
(1, 'Nike', 'https://lh5.googleusercontent.com/p/AF1QipOHFb9sMzZxt0hkn-CHk0vEaL-uMYBlW-l_mwRe=w408-h725-k-no', 'Jl. Margonda Raya No.358, Kemiri Muka, Kecamatan Beji, Kota Depok, Jawa Barat 16423', '-6.363682', '106.835160', '2022-01-12 14:59:48', '2022-01-13 22:53:04', 1),
(2, 'Nike Store', 'https://lh5.googleusercontent.com/p/AF1QipPbmM8-Bk0Wa8DHXc2TltNJaE9itbtNeIAt6VVx=w408-h544-k-no', 'Kota Kasablanka Lantai 1, Jl. Raya Casablanca No.88, RT.14/RW.5, Menteng Dalam, Kec. Tebet, Kota Jakarta Selatan, Daerah Khusus Ibukota Jakarta 12870', '-6.223101', '106.843033', '2022-01-13 10:03:22', '2022-01-13 22:53:05', 1),
(3, 'Nike Factory Store Alam Sutera', 'https://lh5.googleusercontent.com/p/AF1QipMzEspoVZD9tV4MWb9n27TrrjmFyeDy2gMsAb76=w408-h725-k-no', 'Jl. Jalur Sutera Kav. 29B No. 1-3, Pakualam, North Serpong, South Tangerang City, Banten 15326', '-6.233474', '106.659664', '2022-01-13 10:04:39', '2022-01-13 22:53:05', 1),
(4, 'NIKE Senayan City', 'https://lh5.googleusercontent.com/p/AF1QipOuQlVJD1yUA52uh17YTFZ3dDu1aRsxj_8EmDib=w408-h306-k-no', 'Jl. Asia Afrika No.19, RT.1/RW.3, Gelora, Kecamatan Tanah Abang, Kota Jakarta Pusat, Daerah Khusus Ibukota Jakarta 10270', '-6.226819', '106.797403', '2022-01-13 22:49:52', '2022-01-13 22:53:05', 1),
(5, 'NIKE GRAND INDONESIA', 'https://lh5.googleusercontent.com/p/AF1QipPKj9KIHQC_NdZrNPdA1FwH9lH4ZHTFFONEC_gZ=w408-h544-k-no', 'Sky Bridge, Lt. 3 Grand Indonesia, Jl. M.H. Thamrin No.1, RT.15/RW.5, Kb. Melati, Kec. Menteng, Kota Jakarta Pusat, Daerah Khusus Ibukota Jakarta 10310', '-6.194016', '106.819522', '2022-01-13 22:51:12', '2022-01-13 22:53:05', 1),
(7, 'Adidas Plaza Indonesia', 'https://lh5.googleusercontent.com/p/AF1QipPB1EQb3WXUWNhDSUI7fwdM9ntDzQlHHCzPH6aK=w408-h306-k-no', 'PLAZA INDONESIA Jalan M.H. Thamrin No.28-30, Jl. Gondangdia Dalam No.5, RT.9/RW.5, Gondangdia, Kec. Menteng, Kota Jakarta Pusat, Daerah Khusus Ibukota Jakarta 10350', '-6.192352', '106.822183', '2022-01-13 22:55:21', NULL, 2),
(8, ' Adidas Pasar Baru', 'https://lh5.googleusercontent.com/p/AF1QipNKbi_qjlCcc7SZWYKZYpMYbapjCaOeJ9dsK_R_=w408-h725-k-no', 'Jl. Pintu Air Raya No.31 C, RW.13, Ps. Baru, Kecamatan Sawah Besar, Kota Jakarta Pusat, Daerah Khusus Ibukota Jakarta 10110', '-6.163887', '106.832174', '2022-01-13 22:56:34', NULL, 2),
(9, 'Adidas Central Park', 'https://lh5.googleusercontent.com/p/AF1QipNCrSvcEZswq7hnmmJJUKWOK4n2y78k5VSJtJ-H=w426-h240-k-no', 'Jl. Letjen S. Parman Kav. 28 Central Park 2nd floor #119-120 Jakarta, RT.12/RW.6, Tj. Duren Sel., Kec. Grogol petamburan, Kota Jakarta Barat, Daerah Khusus Ibukota Jakarta 11470', '-6.177036', '106.789486', '2022-01-13 22:58:39', NULL, 2),
(10, 'Adidas Kebayoran Lama', 'https://lh5.googleusercontent.com/p/AF1QipN8qHkHDH0s2fdFxRiab2xgCwbGXf147LkAlV79=w408-h306-k-no', 'Jl. Sultan Iskandar Muda, RT.10/RW.6, Kby. Lama Utara, Kec. Kby. Lama, Kota Jakarta Selatan, Daerah Khusus Ibukota Jakarta 12240', '-6.243322', '106.783346', '2022-01-13 22:58:39', NULL, 2),
(11, 'Adidas Factory Outlet Rawamangun', 'https://lh5.googleusercontent.com/p/AF1QipPIyN1y-ISHPg-v0VQdQ9arxNo81TD3Zmq-Rc4=w426-h240-k-no', 'Ruko Blok J No. 225, Jalan Balai Pustaka Timur No. 17, Rawamangun, Pulo Gadung, RT.4/RW.11, Rawamangun, Kec. Pulo Gadung, Kota Jakarta Timur, Daerah Khusus Ibukota Jakarta 13220', '-6.198020', '106.885949', '2022-01-13 23:00:49', NULL, 2),
(12, 'Outlet PUMA rawamangun', 'https://lh5.googleusercontent.com/p/AF1QipM3OX04rQEWAcmbUqSycm7vrNDcq3R3FiFP7mz8=w408-h408-k-no', 'Jl. Balai Pustaka No.18D, RT.4/RW.11, Rawamangun, Kec. Pulo Gadung, Kota Jakarta Timur, Daerah Khusus Ibukota Jakarta 13220', '-6.194179', '106.886635', '2022-01-13 23:02:28', NULL, 3),
(13, 'Puma Menteng Dalam', 'https://lh5.googleusercontent.com/p/AF1QipMoNUATlSH7vHXPHQpe4Xwn__WE9SWmgY-1cbmB=w408-h306-k-no', 'Jl. Raya Casablanca No.88, RT.16/RW.5, Menteng Dalam, Kec. Tebet, Kota Jakarta Selatan, Daerah Khusus Ibukota Jakarta 12870', '-6.219606', '106.842690', '2022-01-13 23:03:31', NULL, 3),
(14, 'Puma Select', 'https://lh5.googleusercontent.com/p/AF1QipOuFlsBXen8ohNxYh_O-kENgRvYkR2nczaYu_u4=w426-h240-k-no', 'Jl. Jenderal Sudirman No.52-53, RT.5/RW.3, Senayan, Kec. Kby. Baru, Kota Jakarta Selatan, Daerah Khusus Ibukota Jakarta 12190', '-6.221032', '106.807938', '2022-01-13 23:04:40', NULL, 3),
(15, 'Puma Outlet Pangkalan Jati', 'https://lh5.googleusercontent.com/p/AF1QipMsLQIwksuOJlfBex3wnVi3QuM6rvC3naZnOOr6=w408-h544-k-no', 'JL. Kalimalang Raya Kel. Pondok Bambu Kec. Duren Sawit, Komplek Ruko Kalimalang Mas Building Blok E7 No.3, RT.9/RW.7, Pd. Bambu, Kec. Duren Sawit, Kota Jakarta Timur, Daerah Khusus Ibukota Jakarta 13430', '-6.243046', '106.908016', '2022-01-13 23:05:37', NULL, 3),
(16, 'PUMA Outlet Kreo', 'https://lh5.googleusercontent.com/p/AF1QipMofmG7HzdM_843q0sJCtypV8apu5uW0ed4qYsi=w408-h510-k-no', 'Jl. HOS Cokroaminoto Jl. Ciledug Raya No.71 A-C, RT.001/RW.006, Kreo Selatan, Kec. Larangan, Kota Tangerang, Banten 15156', '-6.231442', '106.741333', '2022-01-13 23:06:41', NULL, 3),
(17, 'Converse Kuningan City', 'https://lh5.googleusercontent.com/p/AF1QipONYab7ON2K3vNXh4udzvU6osBUlUxeOQ6-Ttz2=w426-h240-k-no', 'Sports Station Kuningan City Lantai 1 Kav. 18, Jl. Prof. DR. Satrio, RT.14/RW.4, Kuningan, Karet Kuningan, Kecamatan Setiabudi, Kota Jakarta Selatan, Daerah Khusus Ibukota Jakarta 12940', '-6.220006', '106.829395', '2022-01-13 23:07:48', NULL, 4),
(18, 'Converse PLaza Semanggi', 'https://lh5.googleusercontent.com/p/AF1QipOQGN9LJhaKrfll5PKJ7uUWVjFs_Tx_OGNXT_5w=w426-h240-k-no', 'PLAZA SEMANGGI UG 007, Jl. Jend. Sudirman No.Kav 50, RT.1/RW.4, Karet Semanggi, Kecamatan Setiabudi, Daerah Khusus Ibukota Jakarta 12930', '-6.215057', '106.814117', '2022-01-13 23:07:48', NULL, 4),
(19, 'Converse Kebayoran Lama', 'https://lh5.googleusercontent.com/p/AF1QipNAp-CO9iuwypd6usjxKqiB9ShOZnebV8S0PI25=w426-h240-k-no', 'Jl. Sultan Iskandar Muda, Kby. Lama Utara, Kec. Kby. Lama, Kota Jakarta Selatan, Daerah Khusus Ibukota Jakarta 12240', '-6.240484', '106.783047', '2022-01-13 23:07:48', NULL, 4),
(20, 'Converse Pasaraya Blok M', 'https://lh5.googleusercontent.com/p/AF1QipOlHedp66kwdNX5WqH5C3euNeSRylrkSwSwtODv=w408-h306-k-no', 'Mall Pasaraya Grande Blok M Lt. UG, Jl. Iskandar Syah II No. 2, RT.3/RW.1, Melawai, Kec. Kby. Baru, Kota Jakarta Selatan, Daerah Khusus Ibukota Jakarta 12160', '-6.240655', '106.802444', '2022-01-13 23:07:48', NULL, 4),
(21, 'Converse Lippo Mall', 'https://lh5.googleusercontent.com/p/AF1QipNkdGfF1Ztwp9_naceVrqSxp7eMKWiJTdSdL0w6=w408-h544-k-no', 'LIPPO MALL PURI LT.GF UNIT 25 JL. Puri Indah Boulevard Kav. IV Jakarta Barat 11610, Jakarta 11610', '-6.184510', '106.738930', '2022-01-13 23:07:48', NULL, 4),
(22, 'New Balance Indonesia', 'https://streetviewpixels-pa.googleapis.com/v1/thumbnail?panoid=WbtM3W4Xzn6DprJi_vbkMA&cb_client=search.gws-prod.gps&w=408&h=240&yaw=259.0439&pitch=0&thumbfov=100', 'The Vida Lt.3, Jalan Perjuangan No.8, Kebon Jeruk, RT.1/RW.7, Kb. Jeruk, Kec. Kb. Jeruk, Kota Jakarta Barat, Daerah Khusus Ibukota Jakarta 11530', '-6.186212', '106.760731', '2022-01-13 23:18:00', NULL, 5),
(23, 'New Balance Summarecon', 'https://lh5.googleusercontent.com/p/AF1QipMd5CO4WfIjFfLEla67bACah5-O15mbr_vnLieq=w408-h386-k-no', 'Sumarecon Mal Bks, Jl. Bulevar Ahmad Yani No.1, RT.006/RW.002, Marga Mulya, Kec. Bekasi Utara, Kota Bks, Jawa Barat 17142', '-6.221479', '107.001600', '2022-01-13 23:18:00', NULL, 5),
(24, 'New Balance Senayan City', 'https://lh5.googleusercontent.com/p/AF1QipMCqHaisEnUHdjxFjEDXrHg6FGM0vRMHTCRjNKW=w408-h306-k-no', 'Senayan City Lantai 3 No. 3-130, Jl. Asia Afrika No. 19, RT.1/RW.3, Gelora, RT.1/RW.3, Gelora, Kecamatan Tanah Abang, Kota Jakarta Pusat, Daerah Khusus Ibukota Jakarta 10270', '-6.223138', '106.797593', '2022-01-13 23:18:00', NULL, 5),
(25, 'New Balance Alam Sutra', 'https://lh5.googleusercontent.com/p/AF1QipOpcXBeTQ1mZCtBlBXg0Dj_ZP0-DuYzwLG5uip-=w426-h240-k-no', 'Mall Alam Sutra, Jalan Jalur Sutra Boulevard No.01 / 07, RT.002/RW.003, Panunggangan Tim., Kec. Pinang, Kota Tangerang, Banten 15143', '-6.217230', '106.652685', '2022-01-13 23:18:00', NULL, 5),
(26, 'New Balance Grand Indonesia', 'https://lh5.googleusercontent.com/p/AF1QipN12e0aBl-kLEBQ6DWIJ990H3c9ESIKFa3KeSG0=w426-h240-k-no', 'Jl. M.H. Thamrin No.1, RT.1/RW.5, Menteng, Kec. Menteng, Kota Jakarta Pusat, Daerah Khusus Ibukota Jakarta 10310', '-6.191251', '106.821398', '2022-01-13 23:18:00', NULL, 5);

-- --------------------------------------------------------

--
-- Table structure for table `product`
--

CREATE TABLE `product` (
  `id` int NOT NULL,
  `name` varchar(255) NOT NULL,
  `picture` varchar(255) NOT NULL,
  `price` varchar(255) CHARACTER SET utf8mb4 COLLATE utf8mb4_0900_ai_ci NOT NULL,
  `created` datetime DEFAULT CURRENT_TIMESTAMP,
  `updated` datetime DEFAULT NULL ON UPDATE CURRENT_TIMESTAMP,
  `outlet_id` int DEFAULT NULL,
  `brand_id` int DEFAULT NULL
) ENGINE=InnoDB DEFAULT CHARSET=utf8mb4 COLLATE=utf8mb4_0900_ai_ci;

--
-- Dumping data for table `product`
--

INSERT INTO `product` (`id`, `name`, `picture`, `price`, `created`, `updated`, `outlet_id`, `brand_id`) VALUES
(2, 'Hitcher, The', 'http://dummyimage.com/126x100.png/dddddd/000000', '$1464.91', '2022-01-17 16:59:39', '2022-01-17 17:05:19', 1, 1),
(3, 'Key, The', 'http://dummyimage.com/206x100.png/5fa2dd/ffffff', '$947.83', '2022-01-17 16:59:39', '2022-01-17 17:05:19', 1, 1),
(4, 'Possession of Joel Delaney, The', 'http://dummyimage.com/187x100.png/dddddd/000000', '$1420.28', '2022-01-17 16:59:39', '2022-01-17 17:05:19', 1, 1),
(5, 'Is the Man Who Is Tall Happy?', 'http://dummyimage.com/141x100.png/cc0000/ffffff', '$1007.98', '2022-01-17 16:59:39', '2022-01-17 17:05:19', 1, 1),
(6, 'Lady Oscar', 'http://dummyimage.com/241x100.png/dddddd/000000', '$840.88', '2022-01-17 16:59:39', '2022-01-17 17:05:19', 1, 1),
(7, 'Faces of Death', 'http://dummyimage.com/240x100.png/cc0000/ffffff', '$443.35', '2022-01-17 16:59:39', '2022-01-17 17:05:19', 1, 1),
(8, 'They', 'http://dummyimage.com/177x100.png/cc0000/ffffff', '$744.96', '2022-01-17 16:59:39', '2022-01-17 17:05:19', 1, 1),
(9, 'Miss Bala', 'http://dummyimage.com/223x100.png/ff4444/ffffff', '$1372.44', '2022-01-17 16:59:39', '2022-01-17 17:05:19', 1, 1),
(10, 'Adios Carmen', 'http://dummyimage.com/189x100.png/dddddd/000000', '$1820.60', '2022-01-17 16:59:39', '2022-01-17 17:05:19', 1, 1),
(11, 'Sun Alley (Sonnenallee)', 'http://dummyimage.com/114x100.png/cc0000/ffffff', '$1510.89', '2022-01-17 16:59:39', '2022-01-17 17:05:19', 1, 1),
(12, 'Little Lord Fauntleroy', 'http://dummyimage.com/171x100.png/dddddd/000000', '$1617.21', '2022-01-17 16:59:39', '2022-01-17 17:05:19', 1, 1),
(13, 'Kestrel\'s Eye (Falkens öga)', 'http://dummyimage.com/132x100.png/cc0000/ffffff', '$1990.30', '2022-01-17 16:59:39', '2022-01-17 17:05:19', 1, 1),
(14, 'Digimon: The Movie', 'http://dummyimage.com/239x100.png/cc0000/ffffff', '$440.03', '2022-01-17 16:59:39', '2022-01-17 17:05:19', 1, 1),
(15, 'Snug as a Bug (U Pana Boga za piecem)', 'http://dummyimage.com/195x100.png/cc0000/ffffff', '$1695.33', '2022-01-17 16:59:39', '2022-01-17 17:05:19', 1, 1),
(16, 'Prime', 'http://dummyimage.com/206x100.png/cc0000/ffffff', '$1814.72', '2022-01-17 16:59:39', '2022-01-17 17:05:19', 1, 1),
(17, 'Bill Maher: Victory Begins at Home', 'http://dummyimage.com/109x100.png/dddddd/000000', '$1843.59', '2022-01-17 16:59:39', '2022-01-17 17:05:19', 1, 1),
(18, 'Don\'s Plum', 'http://dummyimage.com/207x100.png/cc0000/ffffff', '$1499.26', '2022-01-17 16:59:39', '2022-01-17 17:05:19', 1, 1),
(19, 'Exit to Eden', 'http://dummyimage.com/148x100.png/dddddd/000000', '$430.67', '2022-01-17 16:59:39', '2022-01-17 17:05:19', 1, 1),
(20, 'Unforgettable', 'http://dummyimage.com/108x100.png/5fa2dd/ffffff', '$794.75', '2022-01-17 16:59:39', '2022-01-17 17:05:19', 1, 1),
(21, '11:14', 'http://dummyimage.com/137x100.png/cc0000/ffffff', '$713.56', '2022-01-17 16:59:39', '2022-01-17 17:05:19', 1, 1),
(22, 'House of Seven Corpses, The', 'http://dummyimage.com/116x100.png/cc0000/ffffff', '$1263.32', '2022-01-17 16:59:39', '2022-01-17 17:05:19', 1, 1),
(23, 'Lynch', 'http://dummyimage.com/175x100.png/cc0000/ffffff', '$1242.45', '2022-01-17 16:59:39', '2022-01-17 17:05:19', 1, 1),
(24, 'American Splendor', 'http://dummyimage.com/216x100.png/cc0000/ffffff', '$796.75', '2022-01-17 16:59:39', '2022-01-17 17:05:19', 1, 1),
(25, 'Frailty', 'http://dummyimage.com/119x100.png/cc0000/ffffff', '$1192.38', '2022-01-17 16:59:39', '2022-01-17 17:05:19', 1, 1),
(26, 'The Italian Connection', 'http://dummyimage.com/226x100.png/dddddd/000000', '$1796.50', '2022-01-17 16:59:39', '2022-01-17 17:05:19', 1, 1),
(27, 'Wishmaster', 'http://dummyimage.com/244x100.png/5fa2dd/ffffff', '$1310.19', '2022-01-17 16:59:39', '2022-01-17 17:05:19', 1, 1),
(28, 'Meek\'s Cutoff', 'http://dummyimage.com/103x100.png/ff4444/ffffff', '$1892.74', '2022-01-17 16:59:39', '2022-01-17 17:05:19', 1, 1),
(29, 'Idle Hands', 'http://dummyimage.com/173x100.png/dddddd/000000', '$364.34', '2022-01-17 16:59:39', '2022-01-17 17:05:19', 1, 1),
(30, 'Juha', 'http://dummyimage.com/168x100.png/ff4444/ffffff', '$214.82', '2022-01-17 16:59:39', '2022-01-17 17:05:19', 1, 1),
(31, 'Hell Up in Harlem', 'http://dummyimage.com/132x100.png/5fa2dd/ffffff', '$295.93', '2022-01-17 16:59:39', '2022-01-17 17:05:19', 1, 1),
(32, '3, 2, 1... Frankie Go Boom (Frankie Go Boom)', 'http://dummyimage.com/204x100.png/cc0000/ffffff', '$1990.71', '2022-01-17 16:59:39', '2022-01-17 17:05:19', 1, 1),
(33, 'Velvet Vampire, The', 'http://dummyimage.com/119x100.png/5fa2dd/ffffff', '$761.74', '2022-01-17 16:59:39', '2022-01-17 17:05:19', 1, 1),
(34, 'Balseros (Cuban Rafters)', 'http://dummyimage.com/242x100.png/ff4444/ffffff', '$560.23', '2022-01-17 16:59:39', '2022-01-17 17:05:19', 1, 1),
(35, 'Belly of the Beast', 'http://dummyimage.com/201x100.png/5fa2dd/ffffff', '$901.60', '2022-01-17 16:59:39', '2022-01-17 17:05:19', 1, 1),
(36, 'One Million Years B.C.', 'http://dummyimage.com/101x100.png/ff4444/ffffff', '$1917.00', '2022-01-17 16:59:39', '2022-01-17 17:05:19', 1, 1),
(37, 'Patriot, The', 'http://dummyimage.com/122x100.png/dddddd/000000', '$951.39', '2022-01-17 16:59:39', '2022-01-17 17:05:19', 1, 1),
(38, 'Sound Barrier, The', 'http://dummyimage.com/127x100.png/cc0000/ffffff', '$1235.03', '2022-01-17 16:59:39', '2022-01-17 17:05:19', 1, 1),
(39, 'Guy and Madeline on a Park Bench', 'http://dummyimage.com/112x100.png/ff4444/ffffff', '$428.41', '2022-01-17 16:59:39', '2022-01-17 17:05:19', 1, 1),
(40, 'Mugger, The (El asaltante)', 'http://dummyimage.com/133x100.png/cc0000/ffffff', '$1881.01', '2022-01-17 16:59:39', '2022-01-17 17:06:07', 2, 1),
(41, 'Broken', 'http://dummyimage.com/174x100.png/ff4444/ffffff', '$1718.80', '2022-01-17 16:59:39', '2022-01-17 17:06:07', 2, 1),
(42, 'Wings of Honneamise (Ôritsu uchûgun Oneamisu no tsubasa)', 'http://dummyimage.com/191x100.png/ff4444/ffffff', '$878.48', '2022-01-17 16:59:39', '2022-01-17 17:06:07', 2, 1),
(43, 'Sicko', 'http://dummyimage.com/242x100.png/dddddd/000000', '$1000.28', '2022-01-17 16:59:39', '2022-01-17 17:06:07', 2, 1),
(44, 'Finders Keepers', 'http://dummyimage.com/177x100.png/ff4444/ffffff', '$689.42', '2022-01-17 16:59:39', '2022-01-17 17:06:07', 2, 1),
(45, 'Boy and the Pirates, The', 'http://dummyimage.com/191x100.png/ff4444/ffffff', '$1334.29', '2022-01-17 16:59:39', '2022-01-17 17:06:07', 2, 1),
(46, 'Acts of Worship ', 'http://dummyimage.com/116x100.png/5fa2dd/ffffff', '$1768.54', '2022-01-17 16:59:39', '2022-01-17 17:06:07', 2, 1),
(47, 'Makai Tensho: Samurai Reincarnation (Makai tenshô)', 'http://dummyimage.com/120x100.png/5fa2dd/ffffff', '$598.62', '2022-01-17 16:59:39', '2022-01-17 17:06:07', 2, 1),
(48, 'Race the Sun', 'http://dummyimage.com/161x100.png/cc0000/ffffff', '$785.98', '2022-01-17 16:59:39', '2022-01-17 17:06:07', 2, 1),
(49, 'The Fuller Brush Girl', 'http://dummyimage.com/160x100.png/cc0000/ffffff', '$506.26', '2022-01-17 16:59:39', '2022-01-17 17:06:07', 2, 1),
(50, 'Breathing Room', 'http://dummyimage.com/211x100.png/ff4444/ffffff', '$992.16', '2022-01-17 16:59:39', '2022-01-17 17:06:07', 2, 1),
(51, 'Each Dawn I Die', 'http://dummyimage.com/194x100.png/ff4444/ffffff', '$887.90', '2022-01-17 16:59:39', '2022-01-17 17:06:07', 2, 1),
(52, 'Testament of Orpheus, The (Testament d\'Orphée)', 'http://dummyimage.com/156x100.png/cc0000/ffffff', '$577.54', '2022-01-17 16:59:39', '2022-01-17 17:06:07', 2, 1),
(53, 'Mar Baum', 'http://dummyimage.com/227x100.png/5fa2dd/ffffff', '$1527.04', '2022-01-17 16:59:39', '2022-01-17 17:06:07', 2, 1),
(54, 'Splendor', 'http://dummyimage.com/191x100.png/dddddd/000000', '$331.00', '2022-01-17 16:59:39', '2022-01-17 17:06:07', 2, 1),
(55, 'Shrooms', 'http://dummyimage.com/102x100.png/ff4444/ffffff', '$1133.65', '2022-01-17 16:59:39', '2022-01-17 17:06:07', 2, 1),
(56, 'Welcome to Woop-Woop', 'http://dummyimage.com/156x100.png/dddddd/000000', '$904.96', '2022-01-17 16:59:39', '2022-01-17 17:06:07', 2, 1),
(57, 'How They Get There', 'http://dummyimage.com/125x100.png/5fa2dd/ffffff', '$905.44', '2022-01-17 16:59:39', '2022-01-17 17:06:07', 2, 1),
(58, 'You Only Live Twice', 'http://dummyimage.com/245x100.png/dddddd/000000', '$1735.93', '2022-01-17 16:59:39', '2022-01-17 17:06:07', 2, 1),
(59, 'Last Season, The', 'http://dummyimage.com/236x100.png/dddddd/000000', '$236.64', '2022-01-17 16:59:39', '2022-01-17 17:06:07', 2, 1),
(60, 'Dream Home (Wai dor lei ah yut ho)', 'http://dummyimage.com/140x100.png/cc0000/ffffff', '$1534.89', '2022-01-17 16:59:39', '2022-01-17 17:06:07', 2, 1),
(61, 'The Sky Dragon', 'http://dummyimage.com/129x100.png/dddddd/000000', '$314.60', '2022-01-17 16:59:39', '2022-01-17 17:06:07', 2, 1),
(62, 'Man with a Cloak, The', 'http://dummyimage.com/121x100.png/cc0000/ffffff', '$913.57', '2022-01-17 16:59:39', '2022-01-17 17:06:07', 2, 1),
(63, 'Joe Versus the Volcano', 'http://dummyimage.com/210x100.png/5fa2dd/ffffff', '$789.50', '2022-01-17 16:59:39', '2022-01-17 17:06:07', 2, 1),
(64, 'Mean Girls 2', 'http://dummyimage.com/229x100.png/cc0000/ffffff', '$951.45', '2022-01-17 16:59:39', '2022-01-17 17:06:07', 2, 1),
(65, 'The Auction', 'http://dummyimage.com/173x100.png/cc0000/ffffff', '$1816.87', '2022-01-17 16:59:39', '2022-01-17 17:06:07', 2, 1),
(66, 'Shark Tale', 'http://dummyimage.com/200x100.png/5fa2dd/ffffff', '$438.07', '2022-01-17 16:59:39', '2022-01-17 17:06:07', 2, 1),
(67, 'Treasure Island', 'http://dummyimage.com/104x100.png/dddddd/000000', '$227.55', '2022-01-17 16:59:39', '2022-01-17 17:06:07', 2, 1),
(68, 'Daydreams', 'http://dummyimage.com/208x100.png/ff4444/ffffff', '$421.26', '2022-01-17 16:59:39', '2022-01-17 17:06:07', 2, 1),
(69, 'Best Worst Movie', 'http://dummyimage.com/192x100.png/cc0000/ffffff', '$688.90', '2022-01-17 16:59:39', '2022-01-17 17:06:07', 2, 1),
(70, 'Cinderfella', 'http://dummyimage.com/153x100.png/cc0000/ffffff', '$1351.28', '2022-01-17 16:59:39', '2022-01-17 17:06:07', 2, 1),
(71, 'Virunga', 'http://dummyimage.com/226x100.png/5fa2dd/ffffff', '$1175.90', '2022-01-17 16:59:39', '2022-01-17 17:06:07', 2, 1),
(72, 'Cheech & Chong: Still Smokin\'', 'http://dummyimage.com/196x100.png/dddddd/000000', '$391.92', '2022-01-17 16:59:39', '2022-01-17 17:06:07', 2, 1),
(73, 'Beyond the Forest', 'http://dummyimage.com/200x100.png/dddddd/000000', '$695.84', '2022-01-17 16:59:39', '2022-01-17 17:06:07', 2, 1),
(74, 'Substance of Fire, The', 'http://dummyimage.com/209x100.png/cc0000/ffffff', '$867.04', '2022-01-17 16:59:39', '2022-01-17 17:06:07', 2, 1),
(75, 'Dream Catcher, The', 'http://dummyimage.com/125x100.png/cc0000/ffffff', '$1148.07', '2022-01-17 16:59:39', '2022-01-17 17:06:07', 2, 1),
(76, 'Stark Raving Mad', 'http://dummyimage.com/104x100.png/5fa2dd/ffffff', '$977.20', '2022-01-17 16:59:39', '2022-01-17 17:06:07', 2, 1),
(77, 'Reefer Madness: The Movie Musical', 'http://dummyimage.com/203x100.png/ff4444/ffffff', '$998.10', '2022-01-17 16:59:39', '2022-01-17 17:06:07', 2, 1),
(78, 'Love Serenade', 'http://dummyimage.com/195x100.png/dddddd/000000', '$1638.83', '2022-01-17 16:59:39', '2022-01-17 17:06:07', 2, 1),
(79, 'If You Are the One', 'http://dummyimage.com/127x100.png/dddddd/000000', '$1190.33', '2022-01-17 16:59:39', '2022-01-17 17:06:07', 2, 1),
(80, 'Lucy', 'http://dummyimage.com/195x100.png/dddddd/000000', '$1563.05', '2022-01-17 16:59:39', '2022-01-17 17:07:08', 3, 1),
(81, 'How I Killed My Father (a.k.a. My Father and I) (Comment j\'ai tué mon Père)', 'http://dummyimage.com/185x100.png/cc0000/ffffff', '$876.88', '2022-01-17 16:59:39', '2022-01-17 17:07:08', 3, 1),
(82, 'Laaga Chunari Mein Daag: Journey of a Woman', 'http://dummyimage.com/194x100.png/5fa2dd/ffffff', '$645.85', '2022-01-17 16:59:39', '2022-01-17 17:07:08', 3, 1),
(83, 'Choices', 'http://dummyimage.com/203x100.png/ff4444/ffffff', '$609.90', '2022-01-17 16:59:39', '2022-01-17 17:07:08', 3, 1),
(84, 'Movie, A', 'http://dummyimage.com/105x100.png/5fa2dd/ffffff', '$610.65', '2022-01-17 16:59:39', '2022-01-17 17:07:08', 3, 1),
(85, 'Other Shore, The', 'http://dummyimage.com/222x100.png/5fa2dd/ffffff', '$1730.34', '2022-01-17 16:59:39', '2022-01-17 17:07:08', 3, 1),
(86, 'Boy Meets Girl', 'http://dummyimage.com/142x100.png/ff4444/ffffff', '$1891.48', '2022-01-17 16:59:39', '2022-01-17 17:07:08', 3, 1),
(87, 'Big Stampede, The', 'http://dummyimage.com/149x100.png/5fa2dd/ffffff', '$289.58', '2022-01-17 16:59:39', '2022-01-17 17:07:08', 3, 1),
(88, 'Devil and Miss Jones, The', 'http://dummyimage.com/180x100.png/5fa2dd/ffffff', '$1690.05', '2022-01-17 16:59:39', '2022-01-17 17:07:08', 3, 1),
(89, 'Bon Voyage', 'http://dummyimage.com/137x100.png/cc0000/ffffff', '$614.98', '2022-01-17 16:59:39', '2022-01-17 17:07:08', 3, 1),
(90, 'Daughters of Dolma', 'http://dummyimage.com/220x100.png/ff4444/ffffff', '$1709.79', '2022-01-17 16:59:39', '2022-01-17 17:07:08', 3, 1),
(91, 'Honeydripper', 'http://dummyimage.com/104x100.png/dddddd/000000', '$1687.12', '2022-01-17 16:59:39', '2022-01-17 17:07:08', 3, 1),
(92, 'Under the Domim Tree (Etz Hadomim Tafus)', 'http://dummyimage.com/152x100.png/5fa2dd/ffffff', '$1577.53', '2022-01-17 16:59:39', '2022-01-17 17:07:08', 3, 1),
(93, 'Peculiarities of the National Hunt (Osobennosti natsionalnoy okhoty) ', 'http://dummyimage.com/199x100.png/cc0000/ffffff', '$1725.42', '2022-01-17 16:59:39', '2022-01-17 17:07:08', 3, 1),
(94, 'Green Dolphin Street', 'http://dummyimage.com/103x100.png/5fa2dd/ffffff', '$287.28', '2022-01-17 16:59:39', '2022-01-17 17:07:08', 3, 1),
(95, 'Smurfs, The', 'http://dummyimage.com/106x100.png/dddddd/000000', '$1334.45', '2022-01-17 16:59:39', '2022-01-17 17:07:08', 3, 1),
(96, 'Journey Into Fear', 'http://dummyimage.com/188x100.png/cc0000/ffffff', '$726.38', '2022-01-17 16:59:39', '2022-01-17 17:07:08', 3, 1),
(97, 'El Robobo De La Jojoya', 'http://dummyimage.com/200x100.png/5fa2dd/ffffff', '$1365.92', '2022-01-17 16:59:39', '2022-01-17 17:07:08', 3, 1),
(98, 'Suspended Vocation, The (La vocation suspendue)', 'http://dummyimage.com/203x100.png/ff4444/ffffff', '$1196.22', '2022-01-17 16:59:39', '2022-01-17 17:07:08', 3, 1),
(99, 'Fixer, The', 'http://dummyimage.com/170x100.png/dddddd/000000', '$1613.15', '2022-01-17 16:59:39', '2022-01-17 17:07:08', 3, 1),
(100, 'Terror, The', 'http://dummyimage.com/240x100.png/dddddd/000000', '$886.03', '2022-01-17 16:59:39', '2022-01-17 17:07:08', 3, 1),
(101, 'Shaolin (Xin shao lin si)', 'http://dummyimage.com/101x100.png/cc0000/ffffff', '$913.10', '2022-01-17 16:59:39', '2022-01-17 17:07:08', 3, 1),
(102, 'Cleaner', 'http://dummyimage.com/194x100.png/cc0000/ffffff', '$1810.36', '2022-01-17 16:59:39', '2022-01-17 17:07:08', 3, 1),
(103, 'Kill List', 'http://dummyimage.com/176x100.png/ff4444/ffffff', '$1468.69', '2022-01-17 16:59:39', '2022-01-17 17:07:08', 3, 1),
(104, 'Gunless', 'http://dummyimage.com/236x100.png/dddddd/000000', '$818.17', '2022-01-17 16:59:39', '2022-01-17 17:07:08', 3, 1),
(105, 'Supporting Characters', 'http://dummyimage.com/235x100.png/cc0000/ffffff', '$1099.93', '2022-01-17 16:59:39', '2022-01-17 17:07:08', 3, 1),
(106, 'Miranda', 'http://dummyimage.com/109x100.png/5fa2dd/ffffff', '$1294.20', '2022-01-17 16:59:39', '2022-01-17 17:07:08', 3, 1),
(107, 'Ruby in Paradise', 'http://dummyimage.com/228x100.png/dddddd/000000', '$1570.13', '2022-01-17 16:59:39', '2022-01-17 17:07:08', 3, 1),
(108, 'Ride with the Devil', 'http://dummyimage.com/164x100.png/5fa2dd/ffffff', '$320.82', '2022-01-17 16:59:39', '2022-01-17 17:07:08', 3, 1),
(109, 'Signs', 'http://dummyimage.com/191x100.png/5fa2dd/ffffff', '$1876.24', '2022-01-17 16:59:39', '2022-01-17 17:07:08', 3, 1),
(110, 'Two Times Lotte', 'http://dummyimage.com/218x100.png/cc0000/ffffff', '$1403.44', '2022-01-17 16:59:39', '2022-01-17 17:07:08', 3, 1),
(111, 'Bananas!*', 'http://dummyimage.com/173x100.png/dddddd/000000', '$1921.63', '2022-01-17 16:59:39', '2022-01-17 17:07:08', 3, 1),
(112, 'Junebug', 'http://dummyimage.com/161x100.png/5fa2dd/ffffff', '$494.63', '2022-01-17 16:59:39', '2022-01-17 17:07:08', 3, 1),
(113, 'Late Phases', 'http://dummyimage.com/176x100.png/ff4444/ffffff', '$337.30', '2022-01-17 16:59:39', '2022-01-17 17:07:08', 3, 1),
(114, 'His Girl Friday', 'http://dummyimage.com/159x100.png/5fa2dd/ffffff', '$1484.50', '2022-01-17 16:59:39', '2022-01-17 17:07:08', 3, 1),
(115, 'Transformers: Revenge of the Fallen', 'http://dummyimage.com/151x100.png/ff4444/ffffff', '$526.15', '2022-01-17 16:59:39', '2022-01-17 17:07:08', 3, 1),
(116, 'The D.I.', 'http://dummyimage.com/146x100.png/cc0000/ffffff', '$1369.09', '2022-01-17 16:59:39', '2022-01-17 17:07:08', 3, 1),
(117, 'Choices', 'http://dummyimage.com/215x100.png/ff4444/ffffff', '$1635.84', '2022-01-17 16:59:39', '2022-01-17 17:07:08', 3, 1),
(118, 'Conviction', 'http://dummyimage.com/171x100.png/dddddd/000000', '$1654.30', '2022-01-17 16:59:39', '2022-01-17 17:07:08', 3, 1),
(119, 'Devil\'s Playground', 'http://dummyimage.com/230x100.png/dddddd/000000', '$1073.83', '2022-01-17 16:59:39', '2022-01-17 17:07:08', 3, 1),
(120, 'Century of Cinema, A', 'http://dummyimage.com/131x100.png/5fa2dd/ffffff', '$739.17', '2022-01-17 16:59:39', '2022-01-17 17:07:28', 4, 1),
(121, 'Deep End', 'http://dummyimage.com/154x100.png/ff4444/ffffff', '$1074.92', '2022-01-17 16:59:39', '2022-01-17 17:07:28', 4, 1),
(122, 'Midnight Madness', 'http://dummyimage.com/176x100.png/dddddd/000000', '$928.24', '2022-01-17 16:59:39', '2022-01-17 17:07:28', 4, 1),
(123, 'Autumn Afternoon, An (Sanma no aji)', 'http://dummyimage.com/179x100.png/5fa2dd/ffffff', '$1176.96', '2022-01-17 16:59:39', '2022-01-17 17:07:28', 4, 1),
(124, 'Django the Bastard (Strangers Gundown, The) (Django il bastardo)', 'http://dummyimage.com/111x100.png/ff4444/ffffff', '$742.81', '2022-01-17 16:59:39', '2022-01-17 17:07:28', 4, 1),
(125, 'Bush Mama', 'http://dummyimage.com/110x100.png/dddddd/000000', '$559.19', '2022-01-17 16:59:39', '2022-01-17 17:07:28', 4, 1),
(126, 'Girl on a Bicycle', 'http://dummyimage.com/170x100.png/cc0000/ffffff', '$1981.33', '2022-01-17 16:59:39', '2022-01-17 17:07:28', 4, 1),
(127, 'City of Women, The (Città delle donne, La)', 'http://dummyimage.com/175x100.png/5fa2dd/ffffff', '$709.96', '2022-01-17 16:59:39', '2022-01-17 17:07:28', 4, 1),
(128, 'Come Have Coffee with Us', 'http://dummyimage.com/156x100.png/dddddd/000000', '$639.64', '2022-01-17 16:59:39', '2022-01-17 17:07:28', 4, 1),
(129, 'Fright to the Finish', 'http://dummyimage.com/169x100.png/cc0000/ffffff', '$241.10', '2022-01-17 16:59:39', '2022-01-17 17:07:28', 4, 1),
(130, 'Giver, The', 'http://dummyimage.com/112x100.png/5fa2dd/ffffff', '$958.95', '2022-01-17 16:59:39', '2022-01-17 17:07:28', 4, 1),
(131, 'A.K.A. Don Bonus', 'http://dummyimage.com/186x100.png/5fa2dd/ffffff', '$572.91', '2022-01-17 16:59:39', '2022-01-17 17:07:28', 4, 1),
(132, 'Madman', 'http://dummyimage.com/210x100.png/cc0000/ffffff', '$418.93', '2022-01-17 16:59:39', '2022-01-17 17:07:28', 4, 1),
(133, 'Out of the Furnace (Dust to Dust) (Low Dweller, The)', 'http://dummyimage.com/216x100.png/cc0000/ffffff', '$497.45', '2022-01-17 16:59:39', '2022-01-17 17:07:28', 4, 1),
(134, 'Nueba Yol', 'http://dummyimage.com/146x100.png/ff4444/ffffff', '$1852.87', '2022-01-17 16:59:39', '2022-01-17 17:07:28', 4, 1),
(135, 'Devil\'s Trap, The (Dáblova past)', 'http://dummyimage.com/130x100.png/5fa2dd/ffffff', '$1781.70', '2022-01-17 16:59:39', '2022-01-17 17:07:28', 4, 1),
(136, 'Dirty Ho (Lan tou He)', 'http://dummyimage.com/187x100.png/5fa2dd/ffffff', '$965.62', '2022-01-17 16:59:39', '2022-01-17 17:07:28', 4, 1),
(137, 'Frozen Ghost, The', 'http://dummyimage.com/124x100.png/ff4444/ffffff', '$748.77', '2022-01-17 16:59:39', '2022-01-17 17:07:28', 4, 1),
(138, 'Eddie Izzard: Force Majeure Live', 'http://dummyimage.com/152x100.png/dddddd/000000', '$1452.48', '2022-01-17 16:59:39', '2022-01-17 17:07:28', 4, 1),
(139, 'Reform School Girls', 'http://dummyimage.com/235x100.png/dddddd/000000', '$1510.88', '2022-01-17 16:59:39', '2022-01-17 17:07:28', 4, 1),
(140, 'Dinoshark', 'http://dummyimage.com/179x100.png/5fa2dd/ffffff', '$724.84', '2022-01-17 16:59:39', '2022-01-17 17:07:28', 4, 1),
(141, 'Boston\'s Finest', 'http://dummyimage.com/160x100.png/cc0000/ffffff', '$1623.06', '2022-01-17 16:59:39', '2022-01-17 17:07:28', 4, 1),
(142, 'Shakespeare in Love', 'http://dummyimage.com/190x100.png/dddddd/000000', '$474.06', '2022-01-17 16:59:39', '2022-01-17 17:07:28', 4, 1),
(143, 'Grave Encounters 2', 'http://dummyimage.com/162x100.png/ff4444/ffffff', '$688.96', '2022-01-17 16:59:39', '2022-01-17 17:07:28', 4, 1),
(144, 'Round Up, The (La Rafle)', 'http://dummyimage.com/108x100.png/ff4444/ffffff', '$1812.87', '2022-01-17 16:59:39', '2022-01-17 17:07:28', 4, 1),
(145, 'Blackwoods', 'http://dummyimage.com/124x100.png/cc0000/ffffff', '$711.33', '2022-01-17 16:59:39', '2022-01-17 17:07:28', 4, 1),
(146, 'Curly Sue', 'http://dummyimage.com/150x100.png/5fa2dd/ffffff', '$1182.55', '2022-01-17 16:59:39', '2022-01-17 17:07:28', 4, 1),
(147, 'Chelsea on the Rocks', 'http://dummyimage.com/130x100.png/5fa2dd/ffffff', '$254.13', '2022-01-17 16:59:39', '2022-01-17 17:07:28', 4, 1),
(148, 'Good Evening, Mr. Wallenberg (God afton, Herr Wallenberg)', 'http://dummyimage.com/216x100.png/ff4444/ffffff', '$1458.12', '2022-01-17 16:59:39', '2022-01-17 17:07:28', 4, 1),
(149, 'Fast, Cheap & Out of Control', 'http://dummyimage.com/131x100.png/cc0000/ffffff', '$225.76', '2022-01-17 16:59:39', '2022-01-17 17:07:28', 4, 1),
(150, 'O Lucky Man!', 'http://dummyimage.com/126x100.png/cc0000/ffffff', '$1040.95', '2022-01-17 16:59:39', '2022-01-17 17:07:28', 4, 1),
(151, 'Red White & Blue', 'http://dummyimage.com/108x100.png/ff4444/ffffff', '$1460.27', '2022-01-17 16:59:39', '2022-01-17 17:07:28', 4, 1),
(152, 'Cougars, Inc.', 'http://dummyimage.com/239x100.png/dddddd/000000', '$760.51', '2022-01-17 16:59:39', '2022-01-17 17:07:28', 4, 1),
(153, 'Boys from Fengkuei, The (Feng gui lai de ren)', 'http://dummyimage.com/109x100.png/cc0000/ffffff', '$1424.86', '2022-01-17 16:59:39', '2022-01-17 17:07:28', 4, 1),
(154, 'Once Upon a Time in the Midlands', 'http://dummyimage.com/110x100.png/ff4444/ffffff', '$852.52', '2022-01-17 16:59:39', '2022-01-17 17:07:28', 4, 1),
(155, 'All Blossoms Again: Pedro Costa, Director (Tout refleurit: Pedro Costa, cinéaste)', 'http://dummyimage.com/123x100.png/dddddd/000000', '$1593.25', '2022-01-17 16:59:39', '2022-01-17 17:07:28', 4, 1),
(156, 'Nine to Five (a.k.a. 9 to 5)', 'http://dummyimage.com/140x100.png/ff4444/ffffff', '$1882.07', '2022-01-17 16:59:39', '2022-01-17 17:07:28', 4, 1),
(157, 'First Day of the Rest of Your Life, The (Le premier jour du reste de ta vie)', 'http://dummyimage.com/102x100.png/5fa2dd/ffffff', '$1166.34', '2022-01-17 16:59:39', '2022-01-17 17:07:28', 4, 1),
(158, 'Foreign Affair, A (2 Brothers & a Bride)', 'http://dummyimage.com/235x100.png/cc0000/ffffff', '$277.16', '2022-01-17 16:59:39', '2022-01-17 17:07:28', 4, 1),
(159, 'Remote Control', 'http://dummyimage.com/117x100.png/5fa2dd/ffffff', '$1635.07', '2022-01-17 16:59:39', '2022-01-17 17:07:28', 4, 1),
(160, 'Mist, The', 'http://dummyimage.com/105x100.png/ff4444/ffffff', '$981.01', '2022-01-17 16:59:39', '2022-01-17 17:07:47', 5, 1),
(161, 'Gauntlet, The', 'http://dummyimage.com/101x100.png/dddddd/000000', '$1018.54', '2022-01-17 16:59:39', '2022-01-17 17:07:47', 5, 1),
(162, 'Private Life of Don Juan, The', 'http://dummyimage.com/196x100.png/dddddd/000000', '$620.06', '2022-01-17 16:59:39', '2022-01-17 17:07:47', 5, 1),
(163, 'Diary of a Shinjuku Thief (Shinjuku dorobo nikki)', 'http://dummyimage.com/232x100.png/5fa2dd/ffffff', '$200.20', '2022-01-17 16:59:39', '2022-01-17 17:07:47', 5, 1),
(164, 'Iraq in Fragments', 'http://dummyimage.com/215x100.png/ff4444/ffffff', '$1153.82', '2022-01-17 16:59:39', '2022-01-17 17:07:47', 5, 1),
(165, 'Beerfest', 'http://dummyimage.com/163x100.png/dddddd/000000', '$1577.39', '2022-01-17 16:59:39', '2022-01-17 17:07:47', 5, 1),
(166, 'Puppet Master: Axis of Evil (Puppet Master 10)', 'http://dummyimage.com/229x100.png/ff4444/ffffff', '$603.35', '2022-01-17 16:59:39', '2022-01-17 17:07:47', 5, 1),
(167, 'Lego: The Adventures of Clutch Powers', 'http://dummyimage.com/143x100.png/5fa2dd/ffffff', '$1956.75', '2022-01-17 16:59:39', '2022-01-17 17:07:47', 5, 1),
(168, 'World According to Sesame Street, The', 'http://dummyimage.com/155x100.png/5fa2dd/ffffff', '$1814.98', '2022-01-17 16:59:39', '2022-01-17 17:07:47', 5, 1),
(169, 'Ju-on: The Grudge 2', 'http://dummyimage.com/116x100.png/dddddd/000000', '$1127.46', '2022-01-17 16:59:39', '2022-01-17 17:07:47', 5, 1),
(170, 'Aileen Wuornos: The Selling of a Serial Killer', 'http://dummyimage.com/122x100.png/ff4444/ffffff', '$634.24', '2022-01-17 16:59:39', '2022-01-17 17:07:47', 5, 1),
(171, 'Happily Ever After', 'http://dummyimage.com/150x100.png/cc0000/ffffff', '$980.93', '2022-01-17 16:59:39', '2022-01-17 17:07:47', 5, 1),
(172, 'Yellow Cab Man, The', 'http://dummyimage.com/233x100.png/cc0000/ffffff', '$756.78', '2022-01-17 16:59:39', '2022-01-17 17:07:47', 5, 1),
(173, 'Fright Night 2: New Blood', 'http://dummyimage.com/125x100.png/ff4444/ffffff', '$1693.29', '2022-01-17 16:59:39', '2022-01-17 17:07:47', 5, 1),
(174, 'Year of the Comet', 'http://dummyimage.com/172x100.png/5fa2dd/ffffff', '$1790.60', '2022-01-17 16:59:39', '2022-01-17 17:07:47', 5, 1),
(175, 'Nanny McPhee', 'http://dummyimage.com/249x100.png/dddddd/000000', '$1293.58', '2022-01-17 16:59:39', '2022-01-17 17:07:47', 5, 1),
(176, 'Old San Francisco', 'http://dummyimage.com/190x100.png/5fa2dd/ffffff', '$1347.99', '2022-01-17 16:59:39', '2022-01-17 17:07:47', 5, 1),
(177, 'Erkan & Stefan 2', 'http://dummyimage.com/182x100.png/ff4444/ffffff', '$1320.86', '2022-01-17 16:59:39', '2022-01-17 17:07:47', 5, 1),
(178, 'Day They Robbed the Bank of England, The', 'http://dummyimage.com/157x100.png/ff4444/ffffff', '$994.96', '2022-01-17 16:59:39', '2022-01-17 17:07:47', 5, 1),
(179, 'Kidnapping of the President, The', 'http://dummyimage.com/196x100.png/ff4444/ffffff', '$1638.95', '2022-01-17 16:59:39', '2022-01-17 17:07:47', 5, 1),
(180, 'Bright Star', 'http://dummyimage.com/142x100.png/5fa2dd/ffffff', '$1384.16', '2022-01-17 16:59:39', '2022-01-17 17:07:47', 5, 1),
(181, 'Sweet Rush (Tatarak)', 'http://dummyimage.com/180x100.png/dddddd/000000', '$937.83', '2022-01-17 16:59:39', '2022-01-17 17:07:47', 5, 1),
(182, 'E Aí... Comeu?', 'http://dummyimage.com/100x100.png/ff4444/ffffff', '$658.66', '2022-01-17 16:59:39', '2022-01-17 17:07:47', 5, 1),
(183, 'Backwood Philosopher (Havukka-ahon ajattelija)', 'http://dummyimage.com/153x100.png/5fa2dd/ffffff', '$405.62', '2022-01-17 16:59:39', '2022-01-17 17:07:47', 5, 1),
(184, 'Harry Potter and the Order of the Phoenix', 'http://dummyimage.com/160x100.png/dddddd/000000', '$1682.49', '2022-01-17 16:59:39', '2022-01-17 17:07:47', 5, 1),
(185, 'Amityville: Dollhouse', 'http://dummyimage.com/111x100.png/ff4444/ffffff', '$937.15', '2022-01-17 16:59:39', '2022-01-17 17:07:47', 5, 1),
(186, 'Debt, The (Dlug)', 'http://dummyimage.com/230x100.png/cc0000/ffffff', '$913.74', '2022-01-17 16:59:39', '2022-01-17 17:07:47', 5, 1),
(187, 'Prizzi\'s Honor', 'http://dummyimage.com/234x100.png/cc0000/ffffff', '$1340.91', '2022-01-17 16:59:39', '2022-01-17 17:07:47', 5, 1),
(188, 'Palermo Shooting', 'http://dummyimage.com/158x100.png/5fa2dd/ffffff', '$1755.01', '2022-01-17 16:59:39', '2022-01-17 17:07:47', 5, 1),
(189, 'Into the Blue 2: The Reef', 'http://dummyimage.com/185x100.png/5fa2dd/ffffff', '$861.11', '2022-01-17 16:59:39', '2022-01-17 17:07:47', 5, 1),
(190, 'Breaking the Waves', 'http://dummyimage.com/148x100.png/5fa2dd/ffffff', '$639.78', '2022-01-17 16:59:39', '2022-01-17 17:07:47', 5, 1),
(191, 'Breaking and Entering', 'http://dummyimage.com/145x100.png/ff4444/ffffff', '$991.64', '2022-01-17 16:59:39', '2022-01-17 17:07:47', 5, 1),
(192, 'Loving', 'http://dummyimage.com/220x100.png/cc0000/ffffff', '$1296.28', '2022-01-17 16:59:39', '2022-01-17 17:07:47', 5, 1),
(193, 'Lust for Gold', 'http://dummyimage.com/123x100.png/dddddd/000000', '$1279.27', '2022-01-17 16:59:39', '2022-01-17 17:07:47', 5, 1),
(194, 'Flowers of Shanghai (Hai shang hua)', 'http://dummyimage.com/193x100.png/cc0000/ffffff', '$1318.68', '2022-01-17 16:59:39', '2022-01-17 17:07:47', 5, 1),
(195, 'Hidden Fortress, The (Kakushi-toride no san-akunin)', 'http://dummyimage.com/197x100.png/ff4444/ffffff', '$1507.81', '2022-01-17 16:59:39', '2022-01-17 17:07:47', 5, 1),
(196, 'End of St. Petersburg, The (Konets Sankt-Peterburga)', 'http://dummyimage.com/153x100.png/ff4444/ffffff', '$1172.78', '2022-01-17 16:59:39', '2022-01-17 17:07:47', 5, 1),
(197, 'Victor Sjöström: Ett porträtt', 'http://dummyimage.com/244x100.png/dddddd/000000', '$1020.33', '2022-01-17 16:59:39', '2022-01-17 17:07:47', 5, 1),
(198, 'Fireflies in the Garden', 'http://dummyimage.com/127x100.png/5fa2dd/ffffff', '$1091.66', '2022-01-17 16:59:39', '2022-01-17 17:07:47', 5, 1),
(199, 'Pride of the Bowery', 'http://dummyimage.com/228x100.png/5fa2dd/ffffff', '$391.86', '2022-01-17 16:59:39', '2022-01-17 17:07:47', 5, 1),
(200, 'Original Sin', 'http://dummyimage.com/153x100.png/ff4444/ffffff', '$1400.00', '2022-01-17 16:59:39', '2022-01-17 17:09:02', 7, 2),
(201, 'Snowmageddon', 'http://dummyimage.com/106x100.png/dddddd/000000', '$1863.22', '2022-01-17 16:59:39', '2022-01-17 17:09:02', 7, 2),
(202, 'Operation Daybreak', 'http://dummyimage.com/169x100.png/dddddd/000000', '$1457.17', '2022-01-17 16:59:39', '2022-01-17 17:09:02', 7, 2),
(203, 'Atlantis: Milo\'s Return ', 'http://dummyimage.com/159x100.png/5fa2dd/ffffff', '$294.13', '2022-01-17 16:59:39', '2022-01-17 17:09:02', 7, 2),
(204, 'Remember Sunday', 'http://dummyimage.com/124x100.png/ff4444/ffffff', '$1641.93', '2022-01-17 16:59:39', '2022-01-17 17:09:02', 7, 2),
(205, 'Bio-Dome', 'http://dummyimage.com/245x100.png/5fa2dd/ffffff', '$978.99', '2022-01-17 16:59:39', '2022-01-17 17:09:02', 7, 2),
(206, 'It\'s Impossible to Learn to Plow by Reading Books', 'http://dummyimage.com/132x100.png/ff4444/ffffff', '$606.22', '2022-01-17 16:59:39', '2022-01-17 17:09:02', 7, 2),
(207, 'Grizzly Man', 'http://dummyimage.com/157x100.png/dddddd/000000', '$1657.68', '2022-01-17 16:59:39', '2022-01-17 17:09:02', 7, 2),
(208, 'This Land Is Mine', 'http://dummyimage.com/233x100.png/ff4444/ffffff', '$928.83', '2022-01-17 16:59:39', '2022-01-17 17:09:02', 7, 2),
(209, 'Last Year at Marienbad (L\'Année dernière à Marienbad)', 'http://dummyimage.com/182x100.png/ff4444/ffffff', '$251.02', '2022-01-17 16:59:39', '2022-01-17 17:09:02', 7, 2),
(210, 'Mission: Impossible III', 'http://dummyimage.com/128x100.png/dddddd/000000', '$573.55', '2022-01-17 16:59:39', '2022-01-17 17:09:02', 7, 2),
(211, 'Aspen Extreme', 'http://dummyimage.com/147x100.png/cc0000/ffffff', '$519.77', '2022-01-17 16:59:39', '2022-01-17 17:09:02', 7, 2),
(212, 'House of D', 'http://dummyimage.com/216x100.png/ff4444/ffffff', '$1828.91', '2022-01-17 16:59:39', '2022-01-17 17:09:02', 7, 2),
(213, 'Madonna\'s Pig', 'http://dummyimage.com/185x100.png/5fa2dd/ffffff', '$710.30', '2022-01-17 16:59:39', '2022-01-17 17:09:02', 7, 2),
(214, 'Deceptive Practice: The Mysteries and Mentors of Ricky Jay', 'http://dummyimage.com/148x100.png/5fa2dd/ffffff', '$1054.70', '2022-01-17 16:59:39', '2022-01-17 17:09:02', 7, 2),
(215, 'I Served the King of England (Obsluhoval jsem anglického krále)', 'http://dummyimage.com/230x100.png/cc0000/ffffff', '$1224.20', '2022-01-17 16:59:39', '2022-01-17 17:09:02', 7, 2),
(216, 'Just Like Me (Igualita a Mi)', 'http://dummyimage.com/177x100.png/cc0000/ffffff', '$510.62', '2022-01-17 16:59:39', '2022-01-17 17:09:02', 7, 2),
(217, 'Fear Island', 'http://dummyimage.com/118x100.png/dddddd/000000', '$418.48', '2022-01-17 16:59:39', '2022-01-17 17:09:02', 7, 2),
(218, 'State of Emergency', 'http://dummyimage.com/130x100.png/ff4444/ffffff', '$1203.51', '2022-01-17 16:59:39', '2022-01-17 17:09:02', 7, 2),
(219, 'Seventh Brother, The (A hetedik testvér)', 'http://dummyimage.com/131x100.png/cc0000/ffffff', '$807.55', '2022-01-17 16:59:39', '2022-01-17 17:09:02', 7, 2),
(220, 'I Love You, Alice B. Toklas!', 'http://dummyimage.com/240x100.png/cc0000/ffffff', '$1792.74', '2022-01-17 16:59:39', '2022-01-17 17:09:02', 7, 2),
(221, 'Crazy Kind of Love', 'http://dummyimage.com/102x100.png/cc0000/ffffff', '$661.49', '2022-01-17 16:59:39', '2022-01-17 17:09:02', 7, 2),
(222, 'See You Tomorrow, Everyone', 'http://dummyimage.com/126x100.png/dddddd/000000', '$1223.12', '2022-01-17 16:59:39', '2022-01-17 17:09:02', 7, 2),
(223, 'Restraint', 'http://dummyimage.com/168x100.png/cc0000/ffffff', '$839.44', '2022-01-17 16:59:39', '2022-01-17 17:09:02', 7, 2),
(224, 'Wicked Little Things', 'http://dummyimage.com/216x100.png/dddddd/000000', '$1046.04', '2022-01-17 16:59:39', '2022-01-17 17:09:02', 7, 2),
(225, 'Pastoral Hide and Seek (Den-en ni shisu)', 'http://dummyimage.com/175x100.png/5fa2dd/ffffff', '$1233.01', '2022-01-17 16:59:39', '2022-01-17 17:09:02', 7, 2),
(226, 'Modern Affair, A', 'http://dummyimage.com/176x100.png/ff4444/ffffff', '$1450.68', '2022-01-17 16:59:39', '2022-01-17 17:09:02', 7, 2),
(227, 'Berkeley in the \'60s', 'http://dummyimage.com/126x100.png/ff4444/ffffff', '$1552.08', '2022-01-17 16:59:39', '2022-01-17 17:09:02', 7, 2),
(228, 'Longest Yard, The', 'http://dummyimage.com/175x100.png/dddddd/000000', '$886.83', '2022-01-17 16:59:39', '2022-01-17 17:09:02', 7, 2),
(229, 'Girls Town', 'http://dummyimage.com/237x100.png/dddddd/000000', '$413.62', '2022-01-17 16:59:39', '2022-01-17 17:09:02', 7, 2),
(230, 'Catch .44', 'http://dummyimage.com/152x100.png/cc0000/ffffff', '$1374.16', '2022-01-17 16:59:39', '2022-01-17 17:09:02', 7, 2),
(231, 'Erotic Man, The', 'http://dummyimage.com/155x100.png/ff4444/ffffff', '$550.90', '2022-01-17 16:59:39', '2022-01-17 17:09:02', 7, 2),
(232, 'Gerry', 'http://dummyimage.com/141x100.png/ff4444/ffffff', '$740.84', '2022-01-17 16:59:39', '2022-01-17 17:09:02', 7, 2),
(233, 'My Life in Orange (Sommer in Orange)', 'http://dummyimage.com/249x100.png/5fa2dd/ffffff', '$1543.51', '2022-01-17 16:59:39', '2022-01-17 17:09:02', 7, 2),
(234, 'Ace Ventura: When Nature Calls', 'http://dummyimage.com/217x100.png/5fa2dd/ffffff', '$1616.15', '2022-01-17 16:59:39', '2022-01-17 17:09:02', 7, 2),
(235, 'Hôtel des Invalides', 'http://dummyimage.com/161x100.png/5fa2dd/ffffff', '$211.76', '2022-01-17 16:59:39', '2022-01-17 17:09:02', 7, 2),
(236, 'Lifeforce', 'http://dummyimage.com/177x100.png/5fa2dd/ffffff', '$567.31', '2022-01-17 16:59:39', '2022-01-17 17:09:02', 7, 2),
(237, 'Matinee', 'http://dummyimage.com/114x100.png/dddddd/000000', '$1893.02', '2022-01-17 16:59:39', '2022-01-17 17:09:02', 7, 2),
(238, 'Freedom', 'http://dummyimage.com/149x100.png/5fa2dd/ffffff', '$637.73', '2022-01-17 16:59:39', '2022-01-17 17:09:02', 7, 2),
(239, 'Calling Bulldog Drummond', 'http://dummyimage.com/189x100.png/ff4444/ffffff', '$1225.36', '2022-01-17 16:59:39', '2022-01-17 17:09:02', 7, 2),
(240, 'Starfighters, The', 'http://dummyimage.com/104x100.png/ff4444/ffffff', '$1616.79', '2022-01-17 16:59:39', '2022-01-17 17:09:17', 8, 2),
(241, 'Here Comes the Devil (Ahí va el diablo)', 'http://dummyimage.com/149x100.png/dddddd/000000', '$1094.72', '2022-01-17 16:59:39', '2022-01-17 17:09:17', 8, 2),
(242, 'God Is the Bigger Elvis', 'http://dummyimage.com/170x100.png/ff4444/ffffff', '$807.56', '2022-01-17 16:59:39', '2022-01-17 17:09:17', 8, 2),
(243, 'Love Punch, The', 'http://dummyimage.com/161x100.png/cc0000/ffffff', '$1987.74', '2022-01-17 16:59:39', '2022-01-17 17:09:17', 8, 2),
(244, 'Boy Interrupted', 'http://dummyimage.com/172x100.png/ff4444/ffffff', '$1359.45', '2022-01-17 16:59:39', '2022-01-17 17:09:17', 8, 2),
(245, 'Deep Rising', 'http://dummyimage.com/231x100.png/dddddd/000000', '$487.49', '2022-01-17 16:59:39', '2022-01-17 17:09:17', 8, 2),
(246, 'Nun, The (La monja) ', 'http://dummyimage.com/223x100.png/cc0000/ffffff', '$1002.40', '2022-01-17 16:59:39', '2022-01-17 17:09:17', 8, 2),
(247, 'Witches\' Hammer (Kladivo na carodejnice) ', 'http://dummyimage.com/107x100.png/5fa2dd/ffffff', '$1396.65', '2022-01-17 16:59:39', '2022-01-17 17:09:17', 8, 2),
(248, 'Song of the South', 'http://dummyimage.com/200x100.png/cc0000/ffffff', '$844.69', '2022-01-17 16:59:39', '2022-01-17 17:09:17', 8, 2),
(249, 'Boys of St. Vincent, The', 'http://dummyimage.com/137x100.png/cc0000/ffffff', '$1425.00', '2022-01-17 16:59:39', '2022-01-17 17:09:17', 8, 2),
(250, 'Pellet (Bola, El)', 'http://dummyimage.com/128x100.png/ff4444/ffffff', '$1785.88', '2022-01-17 16:59:39', '2022-01-17 17:09:17', 8, 2),
(251, 'When We Leave (Die Fremde)', 'http://dummyimage.com/213x100.png/dddddd/000000', '$1146.91', '2022-01-17 16:59:39', '2022-01-17 17:09:17', 8, 2),
(252, 'Queen Margot (Reine Margot, La)', 'http://dummyimage.com/228x100.png/ff4444/ffffff', '$233.59', '2022-01-17 16:59:39', '2022-01-17 17:09:17', 8, 2),
(253, 'Ivul', 'http://dummyimage.com/249x100.png/5fa2dd/ffffff', '$763.28', '2022-01-17 16:59:39', '2022-01-17 17:09:17', 8, 2),
(254, 'Freedomland', 'http://dummyimage.com/201x100.png/cc0000/ffffff', '$549.80', '2022-01-17 16:59:39', '2022-01-17 17:09:17', 8, 2),
(255, 'Last Airbender, The', 'http://dummyimage.com/241x100.png/cc0000/ffffff', '$948.69', '2022-01-17 16:59:39', '2022-01-17 17:09:17', 8, 2),
(256, 'Hank and Mike', 'http://dummyimage.com/130x100.png/dddddd/000000', '$1924.90', '2022-01-17 16:59:39', '2022-01-17 17:09:17', 8, 2),
(257, 'Tulse Luper Suitcases, Part 1: The Moab Story, The', 'http://dummyimage.com/132x100.png/ff4444/ffffff', '$345.58', '2022-01-17 16:59:39', '2022-01-17 17:09:17', 8, 2),
(258, 'Cove, The', 'http://dummyimage.com/237x100.png/cc0000/ffffff', '$1812.79', '2022-01-17 16:59:39', '2022-01-17 17:09:17', 8, 2),
(259, 'Rise', 'http://dummyimage.com/117x100.png/ff4444/ffffff', '$532.83', '2022-01-17 16:59:39', '2022-01-17 17:09:17', 8, 2),
(260, 'Double Harness', 'http://dummyimage.com/193x100.png/dddddd/000000', '$577.68', '2022-01-17 16:59:39', '2022-01-17 17:09:17', 8, 2),
(261, 'The Tunnel of Love', 'http://dummyimage.com/161x100.png/ff4444/ffffff', '$1198.32', '2022-01-17 16:59:39', '2022-01-17 17:09:17', 8, 2),
(262, 'Angels of the Universe (Englar alheimsins)', 'http://dummyimage.com/101x100.png/dddddd/000000', '$1611.25', '2022-01-17 16:59:39', '2022-01-17 17:09:17', 8, 2),
(263, 'Buud Yam', 'http://dummyimage.com/229x100.png/cc0000/ffffff', '$249.39', '2022-01-17 16:59:39', '2022-01-17 17:09:17', 8, 2),
(264, 'Clue', 'http://dummyimage.com/172x100.png/cc0000/ffffff', '$917.21', '2022-01-17 16:59:39', '2022-01-17 17:09:17', 8, 2),
(265, 'National Lampoon\'s Pucked', 'http://dummyimage.com/112x100.png/ff4444/ffffff', '$1259.50', '2022-01-17 16:59:39', '2022-01-17 17:09:17', 8, 2),
(266, 'How to Beat the High Cost of Living', 'http://dummyimage.com/228x100.png/dddddd/000000', '$1301.98', '2022-01-17 16:59:39', '2022-01-17 17:09:17', 8, 2),
(267, 'Class of 1999', 'http://dummyimage.com/110x100.png/cc0000/ffffff', '$461.49', '2022-01-17 16:59:39', '2022-01-17 17:09:17', 8, 2),
(268, 'House Arrest', 'http://dummyimage.com/222x100.png/dddddd/000000', '$1198.58', '2022-01-17 16:59:39', '2022-01-17 17:09:17', 8, 2),
(269, 'Thesis on a Homicide', 'http://dummyimage.com/166x100.png/cc0000/ffffff', '$1516.73', '2022-01-17 16:59:39', '2022-01-17 17:09:17', 8, 2),
(270, 'Opfergang', 'http://dummyimage.com/187x100.png/cc0000/ffffff', '$1008.67', '2022-01-17 16:59:39', '2022-01-17 17:09:17', 8, 2),
(271, 'Abbott and Costello Meet the Keystone Kops', 'http://dummyimage.com/210x100.png/5fa2dd/ffffff', '$934.07', '2022-01-17 16:59:39', '2022-01-17 17:09:17', 8, 2),
(272, 'Face', 'http://dummyimage.com/244x100.png/5fa2dd/ffffff', '$1139.91', '2022-01-17 16:59:39', '2022-01-17 17:09:17', 8, 2),
(273, 'Bill Hicks: Sane Man', 'http://dummyimage.com/181x100.png/ff4444/ffffff', '$1946.41', '2022-01-17 16:59:39', '2022-01-17 17:09:17', 8, 2),
(274, 'Batman: The Dark Knight Returns, Part 2', 'http://dummyimage.com/175x100.png/cc0000/ffffff', '$1049.24', '2022-01-17 16:59:39', '2022-01-17 17:09:17', 8, 2),
(275, 'Party Monster', 'http://dummyimage.com/216x100.png/5fa2dd/ffffff', '$1036.32', '2022-01-17 16:59:39', '2022-01-17 17:09:17', 8, 2),
(276, 'Momma\'s Man', 'http://dummyimage.com/195x100.png/ff4444/ffffff', '$1221.28', '2022-01-17 16:59:39', '2022-01-17 17:09:17', 8, 2),
(277, 'Best of Everything, The', 'http://dummyimage.com/216x100.png/ff4444/ffffff', '$904.45', '2022-01-17 16:59:39', '2022-01-17 17:09:17', 8, 2),
(278, 'Yves Saint Laurent', 'http://dummyimage.com/248x100.png/dddddd/000000', '$582.56', '2022-01-17 16:59:39', '2022-01-17 17:09:17', 8, 2),
(279, 'Homeboy', 'http://dummyimage.com/244x100.png/ff4444/ffffff', '$1534.77', '2022-01-17 16:59:39', '2022-01-17 17:09:17', 8, 2),
(280, 'Sabata', 'http://dummyimage.com/160x100.png/dddddd/000000', '$393.25', '2022-01-17 16:59:39', '2022-01-17 17:09:50', 9, 2),
(281, 'Toy Story Toons: Partysaurus Rex', 'http://dummyimage.com/160x100.png/ff4444/ffffff', '$1432.28', '2022-01-17 16:59:39', '2022-01-17 17:09:50', 9, 2),
(282, 'Hellboy', 'http://dummyimage.com/215x100.png/5fa2dd/ffffff', '$1845.07', '2022-01-17 16:59:39', '2022-01-17 17:09:50', 9, 2),
(283, 'Tender Comrade', 'http://dummyimage.com/222x100.png/dddddd/000000', '$739.44', '2022-01-17 16:59:39', '2022-01-17 17:09:50', 9, 2),
(284, 'Jesus Camp', 'http://dummyimage.com/186x100.png/ff4444/ffffff', '$1190.00', '2022-01-17 16:59:39', '2022-01-17 17:09:50', 9, 2),
(285, 'Documentarian', 'http://dummyimage.com/185x100.png/cc0000/ffffff', '$520.07', '2022-01-17 16:59:39', '2022-01-17 17:09:50', 9, 2),
(286, 'The Night Evelyn Came Out of the Grave', 'http://dummyimage.com/138x100.png/dddddd/000000', '$1225.94', '2022-01-17 16:59:39', '2022-01-17 17:09:50', 9, 2),
(287, 'Novocaine', 'http://dummyimage.com/248x100.png/ff4444/ffffff', '$579.46', '2022-01-17 16:59:39', '2022-01-17 17:09:50', 9, 2),
(288, 'Brooklyn', 'http://dummyimage.com/158x100.png/ff4444/ffffff', '$1028.88', '2022-01-17 16:59:39', '2022-01-17 17:09:50', 9, 2),
(289, 'Ten Little Indians', 'http://dummyimage.com/161x100.png/cc0000/ffffff', '$664.49', '2022-01-17 16:59:39', '2022-01-17 17:09:50', 9, 2),
(290, 'Sgt. Kabukiman N.Y.P.D.', 'http://dummyimage.com/138x100.png/cc0000/ffffff', '$510.50', '2022-01-17 16:59:39', '2022-01-17 17:09:50', 9, 2),
(291, 'Better Tomorrow, A (Ying hung boon sik)', 'http://dummyimage.com/149x100.png/cc0000/ffffff', '$539.94', '2022-01-17 16:59:39', '2022-01-17 17:09:50', 9, 2),
(292, 'Bang Boom Bang - Ein todsicheres Ding', 'http://dummyimage.com/200x100.png/dddddd/000000', '$254.76', '2022-01-17 16:59:39', '2022-01-17 17:09:50', 9, 2),
(293, 'Terminal, The', 'http://dummyimage.com/204x100.png/dddddd/000000', '$1556.59', '2022-01-17 16:59:39', '2022-01-17 17:09:50', 9, 2),
(294, 'Budd Boetticher: A Man Can Do That', 'http://dummyimage.com/146x100.png/ff4444/ffffff', '$556.34', '2022-01-17 16:59:39', '2022-01-17 17:09:50', 9, 2),
(295, 'Spiral', 'http://dummyimage.com/146x100.png/ff4444/ffffff', '$573.35', '2022-01-17 16:59:39', '2022-01-17 17:09:50', 9, 2),
(296, 'Johnny Angel', 'http://dummyimage.com/161x100.png/dddddd/000000', '$1091.16', '2022-01-17 16:59:39', '2022-01-17 17:09:50', 9, 2),
(297, 'In the Land of Women', 'http://dummyimage.com/104x100.png/ff4444/ffffff', '$809.74', '2022-01-17 16:59:39', '2022-01-17 17:09:50', 9, 2),
(298, 'Truman Show, The', 'http://dummyimage.com/204x100.png/ff4444/ffffff', '$1362.01', '2022-01-17 16:59:39', '2022-01-17 17:09:50', 9, 2),
(299, 'Miracle of Marcelino, The (Marcelino pan y vino)', 'http://dummyimage.com/232x100.png/dddddd/000000', '$1422.04', '2022-01-17 16:59:39', '2022-01-17 17:09:50', 9, 2),
(300, 'Top Dog', 'http://dummyimage.com/158x100.png/5fa2dd/ffffff', '$558.85', '2022-01-17 16:59:39', '2022-01-17 17:09:50', 9, 2),
(301, 'Black Rain (Kuroi ame)', 'http://dummyimage.com/127x100.png/ff4444/ffffff', '$506.46', '2022-01-17 16:59:39', '2022-01-17 17:09:50', 9, 2),
(302, 'Friday the 13th Part V: A New Beginning', 'http://dummyimage.com/176x100.png/dddddd/000000', '$1180.79', '2022-01-17 16:59:39', '2022-01-17 17:09:50', 9, 2),
(303, 'Thomas Jefferson', 'http://dummyimage.com/242x100.png/dddddd/000000', '$382.26', '2022-01-17 16:59:39', '2022-01-17 17:09:50', 9, 2),
(304, 'It Runs in the Family (My Summer Story)', 'http://dummyimage.com/239x100.png/cc0000/ffffff', '$1096.21', '2022-01-17 16:59:39', '2022-01-17 17:09:50', 9, 2),
(305, 'Hoodwinked Too! Hood vs. Evil', 'http://dummyimage.com/244x100.png/cc0000/ffffff', '$1209.81', '2022-01-17 16:59:39', '2022-01-17 17:09:50', 9, 2),
(306, 'Spetters', 'http://dummyimage.com/229x100.png/5fa2dd/ffffff', '$1762.84', '2022-01-17 16:59:39', '2022-01-17 17:09:50', 9, 2),
(307, 'Godzilla vs. Gigan (Chikyû kogeki meirei: Gojira tai Gaigan)', 'http://dummyimage.com/120x100.png/dddddd/000000', '$419.65', '2022-01-17 16:59:39', '2022-01-17 17:09:50', 9, 2),
(308, 'Paradox', 'http://dummyimage.com/209x100.png/cc0000/ffffff', '$410.73', '2022-01-17 16:59:39', '2022-01-17 17:09:50', 9, 2),
(309, 'Celsius 41.11: The Temperature at Which the Brain... Begins to Die', 'http://dummyimage.com/184x100.png/ff4444/ffffff', '$371.14', '2022-01-17 16:59:39', '2022-01-17 17:09:50', 9, 2),
(310, 'Express, The', 'http://dummyimage.com/146x100.png/ff4444/ffffff', '$832.26', '2022-01-17 16:59:39', '2022-01-17 17:09:50', 9, 2),
(311, 'Here be Dragons', 'http://dummyimage.com/185x100.png/cc0000/ffffff', '$480.82', '2022-01-17 16:59:39', '2022-01-17 17:09:50', 9, 2),
(312, 'Two Loves', 'http://dummyimage.com/175x100.png/dddddd/000000', '$498.69', '2022-01-17 16:59:39', '2022-01-17 17:09:50', 9, 2),
(313, 'Tennessee Johnson', 'http://dummyimage.com/223x100.png/cc0000/ffffff', '$1897.36', '2022-01-17 16:59:39', '2022-01-17 17:09:50', 9, 2),
(314, 'We Need a Vacation (Fais-moi des vacances)', 'http://dummyimage.com/225x100.png/5fa2dd/ffffff', '$1022.92', '2022-01-17 16:59:39', '2022-01-17 17:09:50', 9, 2),
(315, 'Children of Invention', 'http://dummyimage.com/122x100.png/5fa2dd/ffffff', '$1508.47', '2022-01-17 16:59:39', '2022-01-17 17:09:50', 9, 2),
(316, 'Joshua', 'http://dummyimage.com/132x100.png/dddddd/000000', '$311.42', '2022-01-17 16:59:39', '2022-01-17 17:09:50', 9, 2),
(317, 'The Deep Six', 'http://dummyimage.com/157x100.png/dddddd/000000', '$579.41', '2022-01-17 16:59:39', '2022-01-17 17:09:50', 9, 2),
(318, 'Beneath the Planet of the Apes', 'http://dummyimage.com/212x100.png/cc0000/ffffff', '$1600.26', '2022-01-17 16:59:39', '2022-01-17 17:09:50', 9, 2),
(319, 'Bionicle 3: Web of Shadows', 'http://dummyimage.com/114x100.png/ff4444/ffffff', '$1804.96', '2022-01-17 16:59:39', '2022-01-17 17:09:50', 9, 2),
(320, 'Fun is Beautiful', 'http://dummyimage.com/201x100.png/ff4444/ffffff', '$769.39', '2022-01-17 16:59:39', '2022-01-17 17:10:03', 10, 2),
(321, 'Park Avenue: Money, Power and the American Dream', 'http://dummyimage.com/104x100.png/5fa2dd/ffffff', '$1081.06', '2022-01-17 16:59:39', '2022-01-17 17:10:03', 10, 2),
(322, 'Trapped in the Closet: Chapters 1-12', 'http://dummyimage.com/120x100.png/ff4444/ffffff', '$1813.68', '2022-01-17 16:59:39', '2022-01-17 17:10:03', 10, 2),
(323, 'Albatross', 'http://dummyimage.com/157x100.png/cc0000/ffffff', '$646.89', '2022-01-17 16:59:39', '2022-01-17 17:10:03', 10, 2),
(324, 'Time of the Gypsies (Dom za vesanje)', 'http://dummyimage.com/250x100.png/dddddd/000000', '$1384.33', '2022-01-17 16:59:39', '2022-01-17 17:10:03', 10, 2),
(325, 'Pay It Forward', 'http://dummyimage.com/123x100.png/dddddd/000000', '$610.53', '2022-01-17 16:59:39', '2022-01-17 17:10:03', 10, 2),
(326, 'Lower Depths, The (Les bas-fonds)', 'http://dummyimage.com/180x100.png/cc0000/ffffff', '$760.76', '2022-01-17 16:59:39', '2022-01-17 17:10:03', 10, 2),
(327, 'Case 39', 'http://dummyimage.com/158x100.png/5fa2dd/ffffff', '$1461.61', '2022-01-17 16:59:39', '2022-01-17 17:10:03', 10, 2),
(328, 'From the Orient with Fury', 'http://dummyimage.com/247x100.png/dddddd/000000', '$1675.38', '2022-01-17 16:59:39', '2022-01-17 17:10:03', 10, 2),
(329, 'MatchMaker, The', 'http://dummyimage.com/119x100.png/dddddd/000000', '$898.76', '2022-01-17 16:59:39', '2022-01-17 17:10:03', 10, 2),
(330, 'If I Stay', 'http://dummyimage.com/175x100.png/dddddd/000000', '$1686.78', '2022-01-17 16:59:39', '2022-01-17 17:10:03', 10, 2),
(331, 'Sweet Mud (Adama Meshuga\'at)', 'http://dummyimage.com/179x100.png/5fa2dd/ffffff', '$485.78', '2022-01-17 16:59:39', '2022-01-17 17:10:03', 10, 2),
(332, 'LOL (Laughing Out Loud)', 'http://dummyimage.com/105x100.png/5fa2dd/ffffff', '$958.38', '2022-01-17 16:59:39', '2022-01-17 17:10:03', 10, 2),
(333, 'Hit Man', 'http://dummyimage.com/186x100.png/5fa2dd/ffffff', '$310.60', '2022-01-17 16:59:39', '2022-01-17 17:10:03', 10, 2),
(334, 'Project X', 'http://dummyimage.com/162x100.png/cc0000/ffffff', '$1244.44', '2022-01-17 16:59:39', '2022-01-17 17:10:03', 10, 2),
(335, 'Mindhunters', 'http://dummyimage.com/118x100.png/ff4444/ffffff', '$639.63', '2022-01-17 16:59:39', '2022-01-17 17:10:03', 10, 2),
(336, 'Ticked-Off Trannies with Knives', 'http://dummyimage.com/107x100.png/ff4444/ffffff', '$685.58', '2022-01-17 16:59:39', '2022-01-17 17:10:03', 10, 2),
(337, 'Bonfire of the Vanities', 'http://dummyimage.com/130x100.png/5fa2dd/ffffff', '$556.48', '2022-01-17 16:59:39', '2022-01-17 17:10:03', 10, 2),
(338, 'Incredibly Strange Creatures Who Stopped Living and Became Mixed-Up Zombies!!?, The', 'http://dummyimage.com/173x100.png/5fa2dd/ffffff', '$1159.31', '2022-01-17 16:59:39', '2022-01-17 17:10:03', 10, 2),
(339, 'Misadventures of Margaret, The', 'http://dummyimage.com/136x100.png/cc0000/ffffff', '$663.20', '2022-01-17 16:59:39', '2022-01-17 17:10:03', 10, 2),
(340, 'Run, Simon, Run', 'http://dummyimage.com/200x100.png/5fa2dd/ffffff', '$503.55', '2022-01-17 16:59:39', '2022-01-17 17:10:03', 10, 2),
(341, 'Long Way Round', 'http://dummyimage.com/170x100.png/ff4444/ffffff', '$352.94', '2022-01-17 16:59:39', '2022-01-17 17:10:03', 10, 2),
(342, 'Bostonians, The', 'http://dummyimage.com/166x100.png/dddddd/000000', '$1416.90', '2022-01-17 16:59:39', '2022-01-17 17:10:03', 10, 2),
(343, 'Go for Sisters', 'http://dummyimage.com/120x100.png/cc0000/ffffff', '$928.62', '2022-01-17 16:59:39', '2022-01-17 17:10:03', 10, 2),
(344, 'Party Girl', 'http://dummyimage.com/208x100.png/dddddd/000000', '$1093.31', '2022-01-17 16:59:39', '2022-01-17 17:10:03', 10, 2),
(345, 'Blind Spot: Hitler\'s Secretary (Im toten Winkel - Hitlers Sekretärin)', 'http://dummyimage.com/110x100.png/5fa2dd/ffffff', '$1573.87', '2022-01-17 16:59:39', '2022-01-17 17:10:03', 10, 2);
INSERT INTO `product` (`id`, `name`, `picture`, `price`, `created`, `updated`, `outlet_id`, `brand_id`) VALUES
(346, 'Joy Ride', 'http://dummyimage.com/113x100.png/cc0000/ffffff', '$487.34', '2022-01-17 16:59:39', '2022-01-17 17:10:03', 10, 2),
(347, 'Last Samurai, The', 'http://dummyimage.com/135x100.png/dddddd/000000', '$1681.12', '2022-01-17 16:59:39', '2022-01-17 17:10:03', 10, 2),
(348, 'Final Destination, The (Final Destination 4) (Final Destination in 3-D, The)', 'http://dummyimage.com/114x100.png/5fa2dd/ffffff', '$961.01', '2022-01-17 16:59:39', '2022-01-17 17:10:03', 10, 2),
(349, 'Grand Hotel', 'http://dummyimage.com/158x100.png/ff4444/ffffff', '$1127.09', '2022-01-17 16:59:39', '2022-01-17 17:10:03', 10, 2),
(350, 'Alex and Emma', 'http://dummyimage.com/106x100.png/cc0000/ffffff', '$1336.13', '2022-01-17 16:59:39', '2022-01-17 17:10:03', 10, 2),
(351, 'Nightcrawler', 'http://dummyimage.com/144x100.png/ff4444/ffffff', '$1227.01', '2022-01-17 16:59:39', '2022-01-17 17:10:03', 10, 2),
(352, 'Summer House', 'http://dummyimage.com/188x100.png/cc0000/ffffff', '$1678.18', '2022-01-17 16:59:39', '2022-01-17 17:10:03', 10, 2),
(353, 'High Cost of Living, The', 'http://dummyimage.com/183x100.png/ff4444/ffffff', '$1043.31', '2022-01-17 16:59:39', '2022-01-17 17:10:03', 10, 2),
(354, 'Metro Manila', 'http://dummyimage.com/208x100.png/cc0000/ffffff', '$994.47', '2022-01-17 16:59:39', '2022-01-17 17:10:03', 10, 2),
(355, 'Sayonara', 'http://dummyimage.com/135x100.png/5fa2dd/ffffff', '$719.92', '2022-01-17 16:59:39', '2022-01-17 17:10:03', 10, 2),
(356, 'One Magic Christmas', 'http://dummyimage.com/142x100.png/dddddd/000000', '$643.84', '2022-01-17 16:59:39', '2022-01-17 17:10:03', 10, 2),
(357, 'Alive', 'http://dummyimage.com/186x100.png/dddddd/000000', '$1575.84', '2022-01-17 16:59:39', '2022-01-17 17:10:03', 10, 2),
(358, 'Under the Skin', 'http://dummyimage.com/133x100.png/5fa2dd/ffffff', '$1040.05', '2022-01-17 16:59:39', '2022-01-17 17:10:03', 10, 2),
(359, 'Sharpe\'s Battle', 'http://dummyimage.com/147x100.png/ff4444/ffffff', '$1337.09', '2022-01-17 16:59:39', '2022-01-17 17:10:03', 10, 2),
(360, 'Annie Get Your Gun', 'http://dummyimage.com/170x100.png/5fa2dd/ffffff', '$1582.01', '2022-01-17 16:59:39', '2022-01-17 17:10:14', 11, 2),
(361, 'Canadian Bacon', 'http://dummyimage.com/214x100.png/dddddd/000000', '$592.28', '2022-01-17 16:59:39', '2022-01-17 17:10:14', 11, 2),
(362, 'Venus Wars (Venus Senki)', 'http://dummyimage.com/121x100.png/ff4444/ffffff', '$929.88', '2022-01-17 16:59:39', '2022-01-17 17:10:14', 11, 2),
(363, 'Gendernauts', 'http://dummyimage.com/142x100.png/dddddd/000000', '$1410.72', '2022-01-17 16:59:39', '2022-01-17 17:10:14', 11, 2),
(364, 'Killing Machine, The (Icarus)', 'http://dummyimage.com/177x100.png/dddddd/000000', '$1126.27', '2022-01-17 16:59:39', '2022-01-17 17:10:14', 11, 2),
(365, 'Action in the North Atlantic', 'http://dummyimage.com/144x100.png/ff4444/ffffff', '$1471.30', '2022-01-17 16:59:39', '2022-01-17 17:10:14', 11, 2),
(366, 'The Land', 'http://dummyimage.com/173x100.png/cc0000/ffffff', '$295.44', '2022-01-17 16:59:39', '2022-01-17 17:10:14', 11, 2),
(367, 'Mr. Majestyk', 'http://dummyimage.com/177x100.png/5fa2dd/ffffff', '$549.00', '2022-01-17 16:59:39', '2022-01-17 17:10:14', 11, 2),
(368, 'Fairly Odd Christmas, A', 'http://dummyimage.com/234x100.png/5fa2dd/ffffff', '$312.26', '2022-01-17 16:59:39', '2022-01-17 17:10:14', 11, 2),
(369, 'Rink, The', 'http://dummyimage.com/120x100.png/dddddd/000000', '$1898.66', '2022-01-17 16:59:39', '2022-01-17 17:10:14', 11, 2),
(370, 'Angel in Cracow (Aniol w Krakowie)', 'http://dummyimage.com/184x100.png/dddddd/000000', '$210.13', '2022-01-17 16:59:39', '2022-01-17 17:10:14', 11, 2),
(371, 'Mass Appeal', 'http://dummyimage.com/156x100.png/ff4444/ffffff', '$672.49', '2022-01-17 16:59:39', '2022-01-17 17:10:14', 11, 2),
(372, 'George Washington', 'http://dummyimage.com/166x100.png/cc0000/ffffff', '$1210.58', '2022-01-17 16:59:39', '2022-01-17 17:10:14', 11, 2),
(373, 'Alone for Christmas', 'http://dummyimage.com/201x100.png/5fa2dd/ffffff', '$1799.32', '2022-01-17 16:59:39', '2022-01-17 17:10:14', 11, 2),
(374, 'Cosas que nunca te dije (Things I Never Told You)', 'http://dummyimage.com/121x100.png/cc0000/ffffff', '$901.56', '2022-01-17 16:59:39', '2022-01-17 17:10:14', 11, 2),
(375, 'Good Guys Wear Black', 'http://dummyimage.com/113x100.png/cc0000/ffffff', '$495.90', '2022-01-17 16:59:39', '2022-01-17 17:10:14', 11, 2),
(376, 'Man, The', 'http://dummyimage.com/232x100.png/5fa2dd/ffffff', '$904.58', '2022-01-17 16:59:39', '2022-01-17 17:10:14', 11, 2),
(377, 'Man from Utah, The', 'http://dummyimage.com/144x100.png/5fa2dd/ffffff', '$1365.53', '2022-01-17 16:59:39', '2022-01-17 17:10:14', 11, 2),
(378, 'Modern Romance', 'http://dummyimage.com/115x100.png/cc0000/ffffff', '$1289.63', '2022-01-17 16:59:39', '2022-01-17 17:10:14', 11, 2),
(379, 'Home Movie', 'http://dummyimage.com/117x100.png/cc0000/ffffff', '$676.91', '2022-01-17 16:59:39', '2022-01-17 17:10:14', 11, 2),
(380, 'Batman', 'http://dummyimage.com/190x100.png/cc0000/ffffff', '$1790.52', '2022-01-17 16:59:39', '2022-01-17 17:10:14', 11, 2),
(381, '6 Desires: DH Lawrence and Sardinia', 'http://dummyimage.com/145x100.png/5fa2dd/ffffff', '$641.48', '2022-01-17 16:59:39', '2022-01-17 17:10:14', 11, 2),
(382, 'Bowery at Midnight', 'http://dummyimage.com/123x100.png/5fa2dd/ffffff', '$880.44', '2022-01-17 16:59:39', '2022-01-17 17:10:14', 11, 2),
(383, 'Second Jungle Book: Mowgli & Baloo, The', 'http://dummyimage.com/186x100.png/cc0000/ffffff', '$417.23', '2022-01-17 16:59:39', '2022-01-17 17:10:14', 11, 2),
(384, 'Animals are Beautiful People', 'http://dummyimage.com/199x100.png/dddddd/000000', '$1070.01', '2022-01-17 16:59:39', '2022-01-17 17:10:14', 11, 2),
(385, 'Rimini, Rimini: A Year Later', 'http://dummyimage.com/183x100.png/5fa2dd/ffffff', '$1377.31', '2022-01-17 16:59:39', '2022-01-17 17:10:14', 11, 2),
(386, 'Hypocrites', 'http://dummyimage.com/166x100.png/5fa2dd/ffffff', '$1291.62', '2022-01-17 16:59:39', '2022-01-17 17:10:14', 11, 2),
(387, 'Trail of the Pink Panther', 'http://dummyimage.com/159x100.png/dddddd/000000', '$1416.94', '2022-01-17 16:59:39', '2022-01-17 17:10:14', 11, 2),
(388, 'Soap and Water', 'http://dummyimage.com/118x100.png/dddddd/000000', '$1329.29', '2022-01-17 16:59:39', '2022-01-17 17:10:14', 11, 2),
(389, 'Of Snails and Men (Despre oameni si melci)', 'http://dummyimage.com/118x100.png/5fa2dd/ffffff', '$1103.73', '2022-01-17 16:59:39', '2022-01-17 17:10:14', 11, 2),
(390, 'Sin Nombre', 'http://dummyimage.com/227x100.png/dddddd/000000', '$1744.66', '2022-01-17 16:59:39', '2022-01-17 17:10:14', 11, 2),
(391, 'City of Sadness, A (Bei qing cheng shi)', 'http://dummyimage.com/242x100.png/5fa2dd/ffffff', '$707.19', '2022-01-17 16:59:39', '2022-01-17 17:10:14', 11, 2),
(392, 'Point Blank', 'http://dummyimage.com/180x100.png/5fa2dd/ffffff', '$1944.51', '2022-01-17 16:59:39', '2022-01-17 17:10:14', 11, 2),
(393, 'Cookout, The', 'http://dummyimage.com/137x100.png/5fa2dd/ffffff', '$264.22', '2022-01-17 16:59:39', '2022-01-17 17:10:14', 11, 2),
(394, 'Mixed Nuts', 'http://dummyimage.com/234x100.png/5fa2dd/ffffff', '$1756.44', '2022-01-17 16:59:39', '2022-01-17 17:10:14', 11, 2),
(395, 'Cut', 'http://dummyimage.com/250x100.png/cc0000/ffffff', '$1059.43', '2022-01-17 16:59:39', '2022-01-17 17:10:14', 11, 2),
(396, 'Carnosaur 3: Primal Species', 'http://dummyimage.com/176x100.png/5fa2dd/ffffff', '$810.83', '2022-01-17 16:59:39', '2022-01-17 17:10:14', 11, 2),
(397, 'Breakin\'', 'http://dummyimage.com/186x100.png/5fa2dd/ffffff', '$1652.59', '2022-01-17 16:59:39', '2022-01-17 17:10:14', 11, 2),
(398, 'Sleep Dealer', 'http://dummyimage.com/132x100.png/cc0000/ffffff', '$258.54', '2022-01-17 16:59:39', '2022-01-17 17:10:14', 11, 2),
(399, 'Six Days', 'http://dummyimage.com/174x100.png/dddddd/000000', '$1325.60', '2022-01-17 16:59:39', '2022-01-17 17:10:14', 11, 2),
(400, 'Jail Bait', 'http://dummyimage.com/120x100.png/ff4444/ffffff', '$884.67', '2022-01-17 16:59:39', '2022-01-17 17:11:03', 12, 3),
(401, 'The End', 'http://dummyimage.com/247x100.png/5fa2dd/ffffff', '$867.56', '2022-01-17 16:59:39', '2022-01-17 17:11:03', 12, 3),
(402, 'Star Trek: First Contact', 'http://dummyimage.com/233x100.png/5fa2dd/ffffff', '$1030.32', '2022-01-17 16:59:39', '2022-01-17 17:11:03', 12, 3),
(403, 'The Lost Prince', 'http://dummyimage.com/149x100.png/5fa2dd/ffffff', '$336.26', '2022-01-17 16:59:39', '2022-01-17 17:11:03', 12, 3),
(404, 'Fierce Creatures', 'http://dummyimage.com/210x100.png/dddddd/000000', '$704.03', '2022-01-17 16:59:39', '2022-01-17 17:11:03', 12, 3),
(405, 'Billy\'s Holiday', 'http://dummyimage.com/166x100.png/dddddd/000000', '$1862.70', '2022-01-17 16:59:39', '2022-01-17 17:11:03', 12, 3),
(406, 'Eegah', 'http://dummyimage.com/188x100.png/cc0000/ffffff', '$284.10', '2022-01-17 16:59:39', '2022-01-17 17:11:03', 12, 3),
(407, 'Damned, The (La Caduta degli dei)', 'http://dummyimage.com/152x100.png/dddddd/000000', '$1819.53', '2022-01-17 16:59:39', '2022-01-17 17:11:03', 12, 3),
(408, 'Fade To Black', 'http://dummyimage.com/223x100.png/ff4444/ffffff', '$1406.83', '2022-01-17 16:59:39', '2022-01-17 17:11:03', 12, 3),
(409, 'Jump Tomorrow', 'http://dummyimage.com/186x100.png/5fa2dd/ffffff', '$752.09', '2022-01-17 16:59:39', '2022-01-17 17:11:03', 12, 3),
(410, 'Lion in Winter, The', 'http://dummyimage.com/154x100.png/5fa2dd/ffffff', '$262.87', '2022-01-17 16:59:39', '2022-01-17 17:11:03', 12, 3),
(411, 'Hotel', 'http://dummyimage.com/166x100.png/ff4444/ffffff', '$1572.79', '2022-01-17 16:59:39', '2022-01-17 17:11:03', 12, 3),
(412, 'Ghost Rider: Spirit of Vengeance', 'http://dummyimage.com/230x100.png/cc0000/ffffff', '$691.80', '2022-01-17 16:59:39', '2022-01-17 17:11:03', 12, 3),
(413, 'Marie from the Bay of Angels (Marie Baie Des Anges)', 'http://dummyimage.com/163x100.png/cc0000/ffffff', '$1663.93', '2022-01-17 16:59:39', '2022-01-17 17:11:03', 12, 3),
(414, 'A Night in the Show', 'http://dummyimage.com/245x100.png/5fa2dd/ffffff', '$719.48', '2022-01-17 16:59:39', '2022-01-17 17:11:03', 12, 3),
(415, 'Home Alone: The Holiday Heist', 'http://dummyimage.com/100x100.png/cc0000/ffffff', '$1744.69', '2022-01-17 16:59:39', '2022-01-17 17:11:03', 12, 3),
(416, 'Endless Summer 2, The', 'http://dummyimage.com/200x100.png/cc0000/ffffff', '$639.58', '2022-01-17 16:59:39', '2022-01-17 17:11:03', 12, 3),
(417, 'Racing Stripes', 'http://dummyimage.com/242x100.png/5fa2dd/ffffff', '$1140.31', '2022-01-17 16:59:39', '2022-01-17 17:11:03', 12, 3),
(418, 'Wake in Fright', 'http://dummyimage.com/138x100.png/5fa2dd/ffffff', '$216.12', '2022-01-17 16:59:39', '2022-01-17 17:11:03', 12, 3),
(419, 'Elementary Particles, The (Elementarteilchen)', 'http://dummyimage.com/203x100.png/dddddd/000000', '$975.61', '2022-01-17 16:59:39', '2022-01-17 17:11:03', 12, 3),
(420, 'Officer\'s Ward (chambre des officiers, La)', 'http://dummyimage.com/165x100.png/ff4444/ffffff', '$522.61', '2022-01-17 16:59:39', '2022-01-17 17:11:03', 12, 3),
(421, 'Last King of Scotland, The', 'http://dummyimage.com/220x100.png/cc0000/ffffff', '$608.20', '2022-01-17 16:59:39', '2022-01-17 17:11:03', 12, 3),
(422, 'Maid in Sweden', 'http://dummyimage.com/148x100.png/5fa2dd/ffffff', '$1953.37', '2022-01-17 16:59:39', '2022-01-17 17:11:03', 12, 3),
(423, 'Osaka Elegy (Naniwa erejî)', 'http://dummyimage.com/165x100.png/ff4444/ffffff', '$738.47', '2022-01-17 16:59:39', '2022-01-17 17:11:03', 12, 3),
(424, 'Long Ships, The', 'http://dummyimage.com/156x100.png/ff4444/ffffff', '$1732.40', '2022-01-17 16:59:39', '2022-01-17 17:11:03', 12, 3),
(425, 'Chapayev', 'http://dummyimage.com/183x100.png/ff4444/ffffff', '$771.35', '2022-01-17 16:59:39', '2022-01-17 17:11:03', 12, 3),
(426, 'About Alex', 'http://dummyimage.com/215x100.png/ff4444/ffffff', '$1764.17', '2022-01-17 16:59:39', '2022-01-17 17:11:03', 12, 3),
(427, 'Val Lewton:  The Man in the Shadows', 'http://dummyimage.com/138x100.png/cc0000/ffffff', '$1005.57', '2022-01-17 16:59:39', '2022-01-17 17:11:03', 12, 3),
(428, 'White Night (Hvid nat)', 'http://dummyimage.com/224x100.png/cc0000/ffffff', '$1191.83', '2022-01-17 16:59:39', '2022-01-17 17:11:03', 12, 3),
(429, 'When I Grow Up, I\'ll Be a Kangaroo (Kad porastem bicu Kengur)', 'http://dummyimage.com/167x100.png/dddddd/000000', '$1119.82', '2022-01-17 16:59:39', '2022-01-17 17:11:03', 12, 3),
(430, 'Apache', 'http://dummyimage.com/123x100.png/ff4444/ffffff', '$775.45', '2022-01-17 16:59:39', '2022-01-17 17:11:03', 12, 3),
(431, 'Sicily! (Sicilia!)', 'http://dummyimage.com/119x100.png/dddddd/000000', '$1475.94', '2022-01-17 16:59:39', '2022-01-17 17:11:03', 12, 3),
(432, 'Captain from Castile', 'http://dummyimage.com/216x100.png/5fa2dd/ffffff', '$977.28', '2022-01-17 16:59:39', '2022-01-17 17:11:03', 12, 3),
(433, 'Man of a Thousand Faces', 'http://dummyimage.com/199x100.png/5fa2dd/ffffff', '$1961.87', '2022-01-17 16:59:39', '2022-01-17 17:11:03', 12, 3),
(434, 'Earth Entranced (Terra em Transe)', 'http://dummyimage.com/226x100.png/ff4444/ffffff', '$1212.98', '2022-01-17 16:59:39', '2022-01-17 17:11:03', 12, 3),
(435, 'Under the Skin of the City (Zir-e-poost-e Shahr)', 'http://dummyimage.com/147x100.png/ff4444/ffffff', '$1780.66', '2022-01-17 16:59:39', '2022-01-17 17:11:03', 12, 3),
(436, 'Joan of Arc', 'http://dummyimage.com/121x100.png/cc0000/ffffff', '$1917.48', '2022-01-17 16:59:39', '2022-01-17 17:11:03', 12, 3),
(437, '24 7: Twenty Four Seven', 'http://dummyimage.com/162x100.png/ff4444/ffffff', '$1889.65', '2022-01-17 16:59:39', '2022-01-17 17:11:03', 12, 3),
(438, 'Antichrist', 'http://dummyimage.com/132x100.png/cc0000/ffffff', '$1859.02', '2022-01-17 16:59:39', '2022-01-17 17:11:03', 12, 3),
(439, 'Catastroika', 'http://dummyimage.com/130x100.png/dddddd/000000', '$1890.26', '2022-01-17 16:59:39', '2022-01-17 17:11:03', 12, 3),
(440, 'Tuya\'s Marriage (Tuya de hun shi)', 'http://dummyimage.com/118x100.png/cc0000/ffffff', '$915.91', '2022-01-17 16:59:39', '2022-01-17 17:11:15', 13, 3),
(441, 'Infestation', 'http://dummyimage.com/190x100.png/5fa2dd/ffffff', '$1571.94', '2022-01-17 16:59:39', '2022-01-17 17:11:15', 13, 3),
(442, 'The Green Years', 'http://dummyimage.com/197x100.png/ff4444/ffffff', '$914.35', '2022-01-17 16:59:39', '2022-01-17 17:11:15', 13, 3),
(443, 'Barocco', 'http://dummyimage.com/191x100.png/ff4444/ffffff', '$1297.62', '2022-01-17 16:59:39', '2022-01-17 17:11:15', 13, 3),
(444, 'Band Wagon, The', 'http://dummyimage.com/157x100.png/dddddd/000000', '$1022.74', '2022-01-17 16:59:39', '2022-01-17 17:11:15', 13, 3),
(445, 'Delhi Belly', 'http://dummyimage.com/127x100.png/cc0000/ffffff', '$1926.19', '2022-01-17 16:59:39', '2022-01-17 17:11:15', 13, 3),
(446, 'Chronicle of My Mother (Waga haha no ki)', 'http://dummyimage.com/109x100.png/dddddd/000000', '$1919.43', '2022-01-17 16:59:39', '2022-01-17 17:11:15', 13, 3),
(447, 'Open House ', 'http://dummyimage.com/133x100.png/5fa2dd/ffffff', '$1164.64', '2022-01-17 16:59:39', '2022-01-17 17:11:15', 13, 3),
(448, 'The Prisoner', 'http://dummyimage.com/136x100.png/dddddd/000000', '$546.83', '2022-01-17 16:59:39', '2022-01-17 17:11:15', 13, 3),
(449, 'Micki + Maude', 'http://dummyimage.com/198x100.png/dddddd/000000', '$1996.21', '2022-01-17 16:59:39', '2022-01-17 17:11:15', 13, 3),
(450, 'Peep World', 'http://dummyimage.com/154x100.png/ff4444/ffffff', '$300.93', '2022-01-17 16:59:39', '2022-01-17 17:11:15', 13, 3),
(451, 'Service (Serbis)', 'http://dummyimage.com/191x100.png/5fa2dd/ffffff', '$1473.92', '2022-01-17 16:59:39', '2022-01-17 17:11:15', 13, 3),
(452, 'Lonely Wife, The (Charulata)', 'http://dummyimage.com/221x100.png/dddddd/000000', '$901.82', '2022-01-17 16:59:39', '2022-01-17 17:11:15', 13, 3),
(453, 'Boys (Drenge)', 'http://dummyimage.com/136x100.png/dddddd/000000', '$965.29', '2022-01-17 16:59:39', '2022-01-17 17:11:15', 13, 3),
(454, 'Last Klezmer: Leopold Kozlowski, His Life and Music, The', 'http://dummyimage.com/136x100.png/dddddd/000000', '$934.72', '2022-01-17 16:59:39', '2022-01-17 17:11:15', 13, 3),
(455, 'Lunacy (Sílení)', 'http://dummyimage.com/189x100.png/ff4444/ffffff', '$452.42', '2022-01-17 16:59:39', '2022-01-17 17:11:15', 13, 3),
(456, 'Soldier of Fortune', 'http://dummyimage.com/120x100.png/dddddd/000000', '$246.26', '2022-01-17 16:59:39', '2022-01-17 17:11:15', 13, 3),
(457, 'In Between Days', 'http://dummyimage.com/173x100.png/5fa2dd/ffffff', '$632.93', '2022-01-17 16:59:39', '2022-01-17 17:11:15', 13, 3),
(458, 'Mermaids', 'http://dummyimage.com/146x100.png/dddddd/000000', '$1796.99', '2022-01-17 16:59:39', '2022-01-17 17:11:15', 13, 3),
(459, 'Rånarna', 'http://dummyimage.com/182x100.png/cc0000/ffffff', '$711.11', '2022-01-17 16:59:39', '2022-01-17 17:11:15', 13, 3),
(460, 'Samaritan Zatoichi (Zatôichi kenka-daiko) (Zatôichi 19)', 'http://dummyimage.com/180x100.png/cc0000/ffffff', '$1724.35', '2022-01-17 16:59:39', '2022-01-17 17:11:15', 13, 3),
(461, 'Thirty Seconds Over Tokyo', 'http://dummyimage.com/143x100.png/cc0000/ffffff', '$1626.20', '2022-01-17 16:59:39', '2022-01-17 17:11:15', 13, 3),
(462, 'Sittin\' on a Backyard Fence', 'http://dummyimage.com/113x100.png/ff4444/ffffff', '$246.18', '2022-01-17 16:59:39', '2022-01-17 17:11:15', 13, 3),
(463, 'Religulous', 'http://dummyimage.com/151x100.png/cc0000/ffffff', '$984.17', '2022-01-17 16:59:39', '2022-01-17 17:11:15', 13, 3),
(464, 'The Incite Mill - 7 Day Death Game', 'http://dummyimage.com/240x100.png/ff4444/ffffff', '$1265.02', '2022-01-17 16:59:39', '2022-01-17 17:11:15', 13, 3),
(465, 'Sadie Thompson', 'http://dummyimage.com/175x100.png/ff4444/ffffff', '$1733.34', '2022-01-17 16:59:39', '2022-01-17 17:11:15', 13, 3),
(466, '3:10 to Yuma', 'http://dummyimage.com/151x100.png/cc0000/ffffff', '$1833.79', '2022-01-17 16:59:39', '2022-01-17 17:11:15', 13, 3),
(467, 'Love Life', 'http://dummyimage.com/225x100.png/cc0000/ffffff', '$1337.59', '2022-01-17 16:59:39', '2022-01-17 17:11:15', 13, 3),
(468, 'Hell Comes to Frogtown', 'http://dummyimage.com/107x100.png/5fa2dd/ffffff', '$1013.47', '2022-01-17 16:59:39', '2022-01-17 17:11:15', 13, 3),
(469, 'Perfume: The Story of a Murderer', 'http://dummyimage.com/241x100.png/ff4444/ffffff', '$737.78', '2022-01-17 16:59:39', '2022-01-17 17:11:15', 13, 3),
(470, 'Aglaya', 'http://dummyimage.com/200x100.png/cc0000/ffffff', '$366.58', '2022-01-17 16:59:39', '2022-01-17 17:11:15', 13, 3),
(471, 'Flock, The', 'http://dummyimage.com/227x100.png/dddddd/000000', '$796.58', '2022-01-17 16:59:39', '2022-01-17 17:11:15', 13, 3),
(472, 'Red Dust', 'http://dummyimage.com/114x100.png/cc0000/ffffff', '$528.30', '2022-01-17 16:59:39', '2022-01-17 17:11:15', 13, 3),
(473, 'Nothing Like the Holidays', 'http://dummyimage.com/141x100.png/5fa2dd/ffffff', '$923.93', '2022-01-17 16:59:39', '2022-01-17 17:11:15', 13, 3),
(474, 'Perfect World, A', 'http://dummyimage.com/104x100.png/5fa2dd/ffffff', '$1898.05', '2022-01-17 16:59:39', '2022-01-17 17:11:15', 13, 3),
(475, 'Company of Heroes', 'http://dummyimage.com/196x100.png/ff4444/ffffff', '$1727.21', '2022-01-17 16:59:39', '2022-01-17 17:11:15', 13, 3),
(476, '51', 'http://dummyimage.com/145x100.png/cc0000/ffffff', '$850.82', '2022-01-17 16:59:39', '2022-01-17 17:11:15', 13, 3),
(477, 'International House', 'http://dummyimage.com/222x100.png/dddddd/000000', '$859.60', '2022-01-17 16:59:39', '2022-01-17 17:11:15', 13, 3),
(478, 'Wanted', 'http://dummyimage.com/100x100.png/5fa2dd/ffffff', '$1131.21', '2022-01-17 16:59:39', '2022-01-17 17:11:15', 13, 3),
(479, 'Big', 'http://dummyimage.com/178x100.png/cc0000/ffffff', '$1605.91', '2022-01-17 16:59:39', '2022-01-17 17:11:15', 13, 3),
(480, 'Labor Pains', 'http://dummyimage.com/101x100.png/5fa2dd/ffffff', '$1621.69', '2022-01-17 16:59:39', '2022-01-17 17:11:32', 14, 3),
(481, 'Barbie: A Perfect Christmas', 'http://dummyimage.com/205x100.png/ff4444/ffffff', '$990.36', '2022-01-17 16:59:39', '2022-01-17 17:11:32', 14, 3),
(482, 'Around the World in 80 Days', 'http://dummyimage.com/228x100.png/ff4444/ffffff', '$677.66', '2022-01-17 16:59:39', '2022-01-17 17:11:32', 14, 3),
(483, 'Disgrace', 'http://dummyimage.com/197x100.png/ff4444/ffffff', '$1927.85', '2022-01-17 16:59:39', '2022-01-17 17:11:32', 14, 3),
(484, 'What Alice Found', 'http://dummyimage.com/139x100.png/dddddd/000000', '$1156.42', '2022-01-17 16:59:39', '2022-01-17 17:11:32', 14, 3),
(485, 'Taps', 'http://dummyimage.com/237x100.png/5fa2dd/ffffff', '$710.75', '2022-01-17 16:59:39', '2022-01-17 17:11:32', 14, 3),
(486, 'Smell of Camphor, Fragrance of Jasmine (Booye kafoor, atre yas)', 'http://dummyimage.com/222x100.png/cc0000/ffffff', '$1919.39', '2022-01-17 16:59:39', '2022-01-17 17:11:32', 14, 3),
(487, 'Dorado, El', 'http://dummyimage.com/187x100.png/ff4444/ffffff', '$1754.63', '2022-01-17 16:59:39', '2022-01-17 17:11:32', 14, 3),
(488, '7 Virgins (7 vírgenes)', 'http://dummyimage.com/223x100.png/dddddd/000000', '$1634.19', '2022-01-17 16:59:39', '2022-01-17 17:11:32', 14, 3),
(489, 'March of the Wooden Soldiers (a.k.a. Babes in Toyland)', 'http://dummyimage.com/235x100.png/dddddd/000000', '$1243.61', '2022-01-17 16:59:39', '2022-01-17 17:11:32', 14, 3),
(490, 'Chocolate Soldier, The', 'http://dummyimage.com/216x100.png/ff4444/ffffff', '$1591.91', '2022-01-17 16:59:39', '2022-01-17 17:11:32', 14, 3),
(491, 'Shower (Xizao)', 'http://dummyimage.com/214x100.png/cc0000/ffffff', '$281.34', '2022-01-17 16:59:39', '2022-01-17 17:11:32', 14, 3),
(492, 'White on Rice', 'http://dummyimage.com/194x100.png/ff4444/ffffff', '$1453.02', '2022-01-17 16:59:39', '2022-01-17 17:11:32', 14, 3),
(493, 'Pussy Riot: A Punk Prayer', 'http://dummyimage.com/202x100.png/ff4444/ffffff', '$628.40', '2022-01-17 16:59:39', '2022-01-17 17:11:32', 14, 3),
(494, 'Late Spring (Banshun)', 'http://dummyimage.com/222x100.png/5fa2dd/ffffff', '$728.14', '2022-01-17 16:59:39', '2022-01-17 17:11:32', 14, 3),
(495, 'Growing Pains', 'http://dummyimage.com/234x100.png/ff4444/ffffff', '$819.56', '2022-01-17 16:59:39', '2022-01-17 17:11:32', 14, 3),
(496, 'Michael Jackson\'s This Is It', 'http://dummyimage.com/141x100.png/dddddd/000000', '$1364.82', '2022-01-17 16:59:39', '2022-01-17 17:11:32', 14, 3),
(497, 'Deadly Tower, The', 'http://dummyimage.com/202x100.png/dddddd/000000', '$976.07', '2022-01-17 16:59:39', '2022-01-17 17:11:32', 14, 3),
(498, 'Tomb, The', 'http://dummyimage.com/169x100.png/5fa2dd/ffffff', '$1633.28', '2022-01-17 16:59:39', '2022-01-17 17:11:32', 14, 3),
(499, 'Agenda: Grinding America Down', 'http://dummyimage.com/166x100.png/ff4444/ffffff', '$253.84', '2022-01-17 16:59:39', '2022-01-17 17:11:32', 14, 3),
(500, 'Snitch Cartel, The (El cartel de los sapos)', 'http://dummyimage.com/180x100.png/5fa2dd/ffffff', '$1259.63', '2022-01-17 16:59:39', '2022-01-17 17:11:32', 14, 3),
(501, 'Disfigured', 'http://dummyimage.com/243x100.png/dddddd/000000', '$1572.96', '2022-01-17 16:59:39', '2022-01-17 17:11:32', 14, 3),
(502, 'Adam and Dog', 'http://dummyimage.com/229x100.png/dddddd/000000', '$231.19', '2022-01-17 16:59:39', '2022-01-17 17:11:32', 14, 3),
(503, 'Creature with the Atom Brain', 'http://dummyimage.com/162x100.png/5fa2dd/ffffff', '$1341.76', '2022-01-17 16:59:39', '2022-01-17 17:11:32', 14, 3),
(504, 'Kaboom', 'http://dummyimage.com/158x100.png/ff4444/ffffff', '$1105.18', '2022-01-17 16:59:39', '2022-01-17 17:11:32', 14, 3),
(505, 'Jungle Holocaust (Ultimo mondo cannibale)', 'http://dummyimage.com/100x100.png/dddddd/000000', '$805.61', '2022-01-17 16:59:39', '2022-01-17 17:11:32', 14, 3),
(506, 'Big Lift, The', 'http://dummyimage.com/108x100.png/dddddd/000000', '$1923.56', '2022-01-17 16:59:39', '2022-01-17 17:11:32', 14, 3),
(507, 'Silence, The (Sokout)', 'http://dummyimage.com/126x100.png/dddddd/000000', '$233.80', '2022-01-17 16:59:39', '2022-01-17 17:11:32', 14, 3),
(508, 'Siege, The', 'http://dummyimage.com/249x100.png/ff4444/ffffff', '$1807.64', '2022-01-17 16:59:39', '2022-01-17 17:11:32', 14, 3),
(509, 'Good Time Girls, The (Bonnes femmes, Les)', 'http://dummyimage.com/241x100.png/5fa2dd/ffffff', '$618.95', '2022-01-17 16:59:39', '2022-01-17 17:11:32', 14, 3),
(510, 'Walk Like a Man', 'http://dummyimage.com/170x100.png/cc0000/ffffff', '$927.80', '2022-01-17 16:59:39', '2022-01-17 17:11:32', 14, 3),
(511, 'Spontaneous Combustion', 'http://dummyimage.com/141x100.png/cc0000/ffffff', '$1384.49', '2022-01-17 16:59:39', '2022-01-17 17:11:32', 14, 3),
(512, 'Ride the Pink Horse', 'http://dummyimage.com/223x100.png/dddddd/000000', '$1690.96', '2022-01-17 16:59:39', '2022-01-17 17:11:32', 14, 3),
(513, 'Stolen (Stolen Lives)', 'http://dummyimage.com/169x100.png/ff4444/ffffff', '$1433.51', '2022-01-17 16:59:39', '2022-01-17 17:11:32', 14, 3),
(514, 'Krakatoa: The Last Days', 'http://dummyimage.com/144x100.png/cc0000/ffffff', '$1424.89', '2022-01-17 16:59:39', '2022-01-17 17:11:32', 14, 3),
(515, 'Like Water for Chocolate (Como agua para chocolate)', 'http://dummyimage.com/212x100.png/5fa2dd/ffffff', '$619.84', '2022-01-17 16:59:39', '2022-01-17 17:11:32', 14, 3),
(516, '.45', 'http://dummyimage.com/157x100.png/5fa2dd/ffffff', '$282.38', '2022-01-17 16:59:39', '2022-01-17 17:11:32', 14, 3),
(517, 'Rising Place, The', 'http://dummyimage.com/102x100.png/ff4444/ffffff', '$584.36', '2022-01-17 16:59:39', '2022-01-17 17:11:32', 14, 3),
(518, 'Hell Is Sold Out', 'http://dummyimage.com/194x100.png/5fa2dd/ffffff', '$1066.73', '2022-01-17 16:59:39', '2022-01-17 17:11:32', 14, 3),
(519, 'Affair of the Necklace, The', 'http://dummyimage.com/226x100.png/cc0000/ffffff', '$778.07', '2022-01-17 16:59:39', '2022-01-17 17:11:32', 14, 3),
(520, 'She\'s All That', 'http://dummyimage.com/214x100.png/ff4444/ffffff', '$1329.43', '2022-01-17 16:59:39', '2022-01-17 17:12:07', 15, 3),
(521, 'Bullet', 'http://dummyimage.com/117x100.png/cc0000/ffffff', '$1659.32', '2022-01-17 16:59:39', '2022-01-17 17:12:07', 15, 3),
(522, 'Erasing David', 'http://dummyimage.com/173x100.png/5fa2dd/ffffff', '$936.13', '2022-01-17 16:59:39', '2022-01-17 17:12:07', 15, 3),
(523, 'No Blade of Grass', 'http://dummyimage.com/131x100.png/dddddd/000000', '$778.31', '2022-01-17 16:59:39', '2022-01-17 17:12:07', 15, 3),
(524, 'Love God?, The', 'http://dummyimage.com/176x100.png/5fa2dd/ffffff', '$1574.61', '2022-01-17 16:59:39', '2022-01-17 17:12:07', 15, 3),
(525, 'She', 'http://dummyimage.com/137x100.png/dddddd/000000', '$770.42', '2022-01-17 16:59:39', '2022-01-17 17:12:07', 15, 3),
(526, 'Barney\'s Version', 'http://dummyimage.com/176x100.png/ff4444/ffffff', '$1119.66', '2022-01-17 16:59:39', '2022-01-17 17:12:07', 15, 3),
(527, 'Ladykillers, The', 'http://dummyimage.com/156x100.png/cc0000/ffffff', '$1455.07', '2022-01-17 16:59:39', '2022-01-17 17:12:07', 15, 3),
(528, 'New Kind of Love, A', 'http://dummyimage.com/227x100.png/dddddd/000000', '$760.27', '2022-01-17 16:59:39', '2022-01-17 17:12:07', 15, 3),
(529, '29th Street', 'http://dummyimage.com/183x100.png/5fa2dd/ffffff', '$522.89', '2022-01-17 16:59:39', '2022-01-17 17:12:07', 15, 3),
(530, 'Major League', 'http://dummyimage.com/121x100.png/cc0000/ffffff', '$1925.06', '2022-01-17 16:59:39', '2022-01-17 17:12:07', 15, 3),
(531, 'Uptown Girls', 'http://dummyimage.com/105x100.png/dddddd/000000', '$1452.66', '2022-01-17 16:59:39', '2022-01-17 17:12:07', 15, 3),
(532, 'Major Dundee', 'http://dummyimage.com/187x100.png/cc0000/ffffff', '$1299.61', '2022-01-17 16:59:39', '2022-01-17 17:12:07', 15, 3),
(533, 'Sexual Chronicles of a French Family (Chroniques sexuelles d\'une famille d\'aujourd\'hui)', 'http://dummyimage.com/221x100.png/ff4444/ffffff', '$1100.34', '2022-01-17 16:59:39', '2022-01-17 17:12:07', 15, 3),
(534, 'Top Hat', 'http://dummyimage.com/247x100.png/cc0000/ffffff', '$1091.88', '2022-01-17 16:59:39', '2022-01-17 17:12:07', 15, 3),
(535, 'Maniac Cop', 'http://dummyimage.com/245x100.png/dddddd/000000', '$1500.96', '2022-01-17 16:59:39', '2022-01-17 17:12:07', 15, 3),
(536, 'Hijack That Went South, The (Kaappari)', 'http://dummyimage.com/109x100.png/cc0000/ffffff', '$1987.74', '2022-01-17 16:59:39', '2022-01-17 17:12:07', 15, 3),
(537, 'Nun\'s Story, The', 'http://dummyimage.com/185x100.png/dddddd/000000', '$1092.46', '2022-01-17 16:59:39', '2022-01-17 17:12:07', 15, 3),
(538, 'Hotel for Dogs', 'http://dummyimage.com/141x100.png/cc0000/ffffff', '$959.91', '2022-01-17 16:59:39', '2022-01-17 17:12:07', 15, 3),
(539, 'Swan, The', 'http://dummyimage.com/158x100.png/cc0000/ffffff', '$388.82', '2022-01-17 16:59:39', '2022-01-17 17:12:07', 15, 3),
(540, 'International House', 'http://dummyimage.com/157x100.png/ff4444/ffffff', '$1569.61', '2022-01-17 16:59:39', '2022-01-17 17:12:07', 15, 3),
(541, 'Covenant, The', 'http://dummyimage.com/248x100.png/ff4444/ffffff', '$1184.72', '2022-01-17 16:59:39', '2022-01-17 17:12:07', 15, 3),
(542, 'Love Life', 'http://dummyimage.com/159x100.png/ff4444/ffffff', '$340.06', '2022-01-17 16:59:39', '2022-01-17 17:12:07', 15, 3),
(543, 'Blessed Event', 'http://dummyimage.com/185x100.png/dddddd/000000', '$1064.93', '2022-01-17 16:59:39', '2022-01-17 17:12:07', 15, 3),
(544, 'Mrs. Parkington', 'http://dummyimage.com/121x100.png/ff4444/ffffff', '$972.22', '2022-01-17 16:59:39', '2022-01-17 17:12:07', 15, 3),
(545, 'Boys Life 2', 'http://dummyimage.com/124x100.png/5fa2dd/ffffff', '$1880.14', '2022-01-17 16:59:39', '2022-01-17 17:12:07', 15, 3),
(546, 'I Heart Huckabees', 'http://dummyimage.com/148x100.png/ff4444/ffffff', '$620.11', '2022-01-17 16:59:39', '2022-01-17 17:12:07', 15, 3),
(547, 'Little Richard', 'http://dummyimage.com/198x100.png/5fa2dd/ffffff', '$1379.02', '2022-01-17 16:59:39', '2022-01-17 17:12:07', 15, 3),
(548, 'Santa Sangre', 'http://dummyimage.com/166x100.png/ff4444/ffffff', '$363.32', '2022-01-17 16:59:39', '2022-01-17 17:12:07', 15, 3),
(549, 'Frozen Ground, The', 'http://dummyimage.com/196x100.png/5fa2dd/ffffff', '$853.94', '2022-01-17 16:59:39', '2022-01-17 17:12:07', 15, 3),
(550, 'Almost Married', 'http://dummyimage.com/199x100.png/cc0000/ffffff', '$1913.91', '2022-01-17 16:59:39', '2022-01-17 17:12:07', 15, 3),
(551, 'Front of the Class', 'http://dummyimage.com/205x100.png/cc0000/ffffff', '$530.30', '2022-01-17 16:59:39', '2022-01-17 17:12:07', 15, 3),
(552, 'Either Way (Á annan veg)', 'http://dummyimage.com/249x100.png/ff4444/ffffff', '$1729.43', '2022-01-17 16:59:39', '2022-01-17 17:12:07', 15, 3),
(553, 'Dangerous Profession, A', 'http://dummyimage.com/124x100.png/5fa2dd/ffffff', '$711.23', '2022-01-17 16:59:39', '2022-01-17 17:12:07', 15, 3),
(554, 'McQ', 'http://dummyimage.com/125x100.png/cc0000/ffffff', '$914.85', '2022-01-17 16:59:39', '2022-01-17 17:12:07', 15, 3),
(555, 'Double Vision (Shuang tong)', 'http://dummyimage.com/219x100.png/dddddd/000000', '$519.40', '2022-01-17 16:59:39', '2022-01-17 17:12:07', 15, 3),
(556, 'Winter War (Talvisota)', 'http://dummyimage.com/121x100.png/ff4444/ffffff', '$501.60', '2022-01-17 16:59:39', '2022-01-17 17:12:07', 15, 3),
(557, 'Company Men, The', 'http://dummyimage.com/233x100.png/5fa2dd/ffffff', '$604.66', '2022-01-17 16:59:39', '2022-01-17 17:12:07', 15, 3),
(558, 'Time of the Wolf, The (Le temps du loup)', 'http://dummyimage.com/134x100.png/ff4444/ffffff', '$1965.37', '2022-01-17 16:59:39', '2022-01-17 17:12:07', 15, 3),
(559, 'True Story', 'http://dummyimage.com/150x100.png/ff4444/ffffff', '$1401.62', '2022-01-17 16:59:39', '2022-01-17 17:12:07', 15, 3),
(560, 'Rocks (Rad, Das)', 'http://dummyimage.com/106x100.png/ff4444/ffffff', '$493.23', '2022-01-17 16:59:39', '2022-01-17 17:12:28', 16, 3),
(561, 'Tooth Fairy 2', 'http://dummyimage.com/112x100.png/ff4444/ffffff', '$839.21', '2022-01-17 16:59:39', '2022-01-17 17:12:28', 16, 3),
(562, 'Sheik, The', 'http://dummyimage.com/192x100.png/ff4444/ffffff', '$1206.93', '2022-01-17 16:59:39', '2022-01-17 17:12:28', 16, 3),
(563, 'Christmas Carol, A', 'http://dummyimage.com/151x100.png/5fa2dd/ffffff', '$795.44', '2022-01-17 16:59:39', '2022-01-17 17:12:28', 16, 3),
(564, 'Hyde Park on Hudson', 'http://dummyimage.com/205x100.png/5fa2dd/ffffff', '$1711.48', '2022-01-17 16:59:39', '2022-01-17 17:12:28', 16, 3),
(565, 'Dynamite', 'http://dummyimage.com/231x100.png/ff4444/ffffff', '$1413.26', '2022-01-17 16:59:39', '2022-01-17 17:12:28', 16, 3),
(566, 'Pin...', 'http://dummyimage.com/152x100.png/5fa2dd/ffffff', '$481.45', '2022-01-17 16:59:39', '2022-01-17 17:12:28', 16, 3),
(567, 'Hank and Mike', 'http://dummyimage.com/114x100.png/5fa2dd/ffffff', '$871.83', '2022-01-17 16:59:39', '2022-01-17 17:12:28', 16, 3),
(568, 'Etoiles: Dancers of the Paris Opera Ballet (Tout Près des étoiles)', 'http://dummyimage.com/181x100.png/cc0000/ffffff', '$1264.02', '2022-01-17 16:59:39', '2022-01-17 17:12:28', 16, 3),
(569, 'Wizard of Baghdad, The', 'http://dummyimage.com/202x100.png/ff4444/ffffff', '$391.75', '2022-01-17 16:59:39', '2022-01-17 17:12:28', 16, 3),
(570, 'High Wind in Jamaica, A', 'http://dummyimage.com/165x100.png/5fa2dd/ffffff', '$1895.44', '2022-01-17 16:59:39', '2022-01-17 17:12:28', 16, 3),
(571, 'From Time to Time', 'http://dummyimage.com/106x100.png/5fa2dd/ffffff', '$1821.75', '2022-01-17 16:59:39', '2022-01-17 17:12:28', 16, 3),
(572, 'Talk to Her (Hable con Ella)', 'http://dummyimage.com/125x100.png/cc0000/ffffff', '$1995.40', '2022-01-17 16:59:39', '2022-01-17 17:12:28', 16, 3),
(573, 'Voices', 'http://dummyimage.com/218x100.png/ff4444/ffffff', '$465.85', '2022-01-17 16:59:39', '2022-01-17 17:12:28', 16, 3),
(574, 'Wasp Woman, The', 'http://dummyimage.com/172x100.png/dddddd/000000', '$1723.67', '2022-01-17 16:59:39', '2022-01-17 17:12:28', 16, 3),
(575, 'That Certain Woman', 'http://dummyimage.com/164x100.png/dddddd/000000', '$1626.41', '2022-01-17 16:59:39', '2022-01-17 17:12:28', 16, 3),
(576, 'White Squall', 'http://dummyimage.com/221x100.png/5fa2dd/ffffff', '$1733.29', '2022-01-17 16:59:39', '2022-01-17 17:12:28', 16, 3),
(577, 'Pain in the Ass, A (L\'emmerdeur)', 'http://dummyimage.com/224x100.png/dddddd/000000', '$698.42', '2022-01-17 16:59:39', '2022-01-17 17:12:28', 16, 3),
(578, 'Our Relations', 'http://dummyimage.com/247x100.png/cc0000/ffffff', '$223.30', '2022-01-17 16:59:39', '2022-01-17 17:12:28', 16, 3),
(579, 'Head On', 'http://dummyimage.com/233x100.png/cc0000/ffffff', '$765.81', '2022-01-17 16:59:39', '2022-01-17 17:12:28', 16, 3),
(580, 'Experiment, The', 'http://dummyimage.com/133x100.png/cc0000/ffffff', '$1405.19', '2022-01-17 16:59:39', '2022-01-17 17:12:28', 16, 3),
(581, 'The Rise', 'http://dummyimage.com/245x100.png/cc0000/ffffff', '$236.56', '2022-01-17 16:59:39', '2022-01-17 17:12:28', 16, 3),
(582, 'P.S. Your Cat is Dead', 'http://dummyimage.com/192x100.png/cc0000/ffffff', '$240.79', '2022-01-17 16:59:39', '2022-01-17 17:12:28', 16, 3),
(583, 'Safe', 'http://dummyimage.com/232x100.png/ff4444/ffffff', '$1838.13', '2022-01-17 16:59:39', '2022-01-17 17:12:28', 16, 3),
(584, 'Hangtime - Kein leichtes Spiel', 'http://dummyimage.com/186x100.png/dddddd/000000', '$393.80', '2022-01-17 16:59:39', '2022-01-17 17:12:28', 16, 3),
(585, 'Eight Below', 'http://dummyimage.com/235x100.png/5fa2dd/ffffff', '$528.80', '2022-01-17 16:59:39', '2022-01-17 17:12:28', 16, 3),
(586, 'Trinity: Gambling for High Stakes (Odds and Evens) (Pari e dispari)', 'http://dummyimage.com/243x100.png/5fa2dd/ffffff', '$445.24', '2022-01-17 16:59:39', '2022-01-17 17:12:28', 16, 3),
(587, '61*', 'http://dummyimage.com/104x100.png/5fa2dd/ffffff', '$275.95', '2022-01-17 16:59:39', '2022-01-17 17:12:28', 16, 3),
(588, 'Eila, Rampe and Likka', 'http://dummyimage.com/172x100.png/cc0000/ffffff', '$1640.10', '2022-01-17 16:59:39', '2022-01-17 17:12:28', 16, 3),
(589, 'Road, The', 'http://dummyimage.com/166x100.png/5fa2dd/ffffff', '$864.12', '2022-01-17 16:59:39', '2022-01-17 17:12:28', 16, 3),
(590, '3 Penny Opera, The (Threepenny Opera, The) (3 Groschen-Oper, Die)', 'http://dummyimage.com/227x100.png/ff4444/ffffff', '$694.52', '2022-01-17 16:59:39', '2022-01-17 17:12:28', 16, 3),
(591, 'Reprise', 'http://dummyimage.com/146x100.png/5fa2dd/ffffff', '$812.25', '2022-01-17 16:59:39', '2022-01-17 17:12:28', 16, 3),
(592, 'Big Trees, The', 'http://dummyimage.com/216x100.png/cc0000/ffffff', '$1819.73', '2022-01-17 16:59:39', '2022-01-17 17:12:28', 16, 3),
(593, 'The Gambler', 'http://dummyimage.com/149x100.png/ff4444/ffffff', '$1093.05', '2022-01-17 16:59:39', '2022-01-17 17:12:28', 16, 3),
(594, 'Champagne for Caesar', 'http://dummyimage.com/194x100.png/cc0000/ffffff', '$880.03', '2022-01-17 16:59:39', '2022-01-17 17:12:28', 16, 3),
(595, 'Beautiful Lies (De vrais mensonges) (Full Treatment)', 'http://dummyimage.com/172x100.png/5fa2dd/ffffff', '$255.40', '2022-01-17 16:59:39', '2022-01-17 17:12:28', 16, 3),
(596, 'Human Condition I, The (Ningen no joken I)', 'http://dummyimage.com/149x100.png/ff4444/ffffff', '$1439.41', '2022-01-17 16:59:39', '2022-01-17 17:12:28', 16, 3),
(597, 'Arthur and the Revenge of Maltazard (Arthur et la vengeance de Maltazard)', 'http://dummyimage.com/128x100.png/5fa2dd/ffffff', '$1180.72', '2022-01-17 16:59:39', '2022-01-17 17:12:28', 16, 3),
(598, 'Murder of Crows, A', 'http://dummyimage.com/207x100.png/dddddd/000000', '$1125.97', '2022-01-17 16:59:39', '2022-01-17 17:12:28', 16, 3),
(599, 'Enthusiasm (Entuziazm: Simfoniya Donbassa)', 'http://dummyimage.com/164x100.png/dddddd/000000', '$1229.35', '2022-01-17 16:59:39', '2022-01-17 17:12:28', 16, 3),
(600, 'Crocodile Dundee', 'http://dummyimage.com/141x100.png/5fa2dd/ffffff', '$1716.91', '2022-01-17 16:59:39', '2022-01-17 17:12:54', 17, 4),
(601, 'Caveman', 'http://dummyimage.com/168x100.png/5fa2dd/ffffff', '$497.30', '2022-01-17 16:59:39', '2022-01-17 17:12:54', 17, 4),
(602, 'Eleventh Year, The (Odinnadtsatyy) ', 'http://dummyimage.com/114x100.png/5fa2dd/ffffff', '$1810.42', '2022-01-17 16:59:39', '2022-01-17 17:12:54', 17, 4),
(603, 'Love and Death on Long Island', 'http://dummyimage.com/156x100.png/ff4444/ffffff', '$1155.44', '2022-01-17 16:59:39', '2022-01-17 17:12:54', 17, 4),
(604, 'Place Promised in Our Early Days, The (Kumo no mukô, yakusoku no basho)', 'http://dummyimage.com/109x100.png/dddddd/000000', '$572.52', '2022-01-17 16:59:39', '2022-01-17 17:12:54', 17, 4),
(605, 'Africa: Texas Style', 'http://dummyimage.com/144x100.png/5fa2dd/ffffff', '$671.36', '2022-01-17 16:59:39', '2022-01-17 17:12:54', 17, 4),
(606, 'Blue Vinyl', 'http://dummyimage.com/154x100.png/cc0000/ffffff', '$207.30', '2022-01-17 16:59:39', '2022-01-17 17:12:54', 17, 4),
(607, 'Brainstorm', 'http://dummyimage.com/238x100.png/dddddd/000000', '$1385.74', '2022-01-17 16:59:39', '2022-01-17 17:12:54', 17, 4),
(608, 'Sassy Pants', 'http://dummyimage.com/221x100.png/5fa2dd/ffffff', '$674.34', '2022-01-17 16:59:39', '2022-01-17 17:12:54', 17, 4),
(609, 'Striking Distance', 'http://dummyimage.com/183x100.png/5fa2dd/ffffff', '$1194.02', '2022-01-17 16:59:39', '2022-01-17 17:12:54', 17, 4),
(610, 'Planet of the Vampires (Terrore nello spazio)', 'http://dummyimage.com/172x100.png/5fa2dd/ffffff', '$1689.07', '2022-01-17 16:59:39', '2022-01-17 17:12:54', 17, 4),
(611, 'Me and Morrison (Minä ja Morrison)', 'http://dummyimage.com/193x100.png/5fa2dd/ffffff', '$1463.66', '2022-01-17 16:59:39', '2022-01-17 17:12:54', 17, 4),
(612, 'Against the Ropes', 'http://dummyimage.com/183x100.png/dddddd/000000', '$346.84', '2022-01-17 16:59:39', '2022-01-17 17:12:54', 17, 4),
(613, 'Flight of Fury', 'http://dummyimage.com/140x100.png/5fa2dd/ffffff', '$1137.71', '2022-01-17 16:59:39', '2022-01-17 17:12:54', 17, 4),
(614, 'Kermit\'s Swamp Years', 'http://dummyimage.com/213x100.png/dddddd/000000', '$1819.17', '2022-01-17 16:59:39', '2022-01-17 17:12:54', 17, 4),
(615, 'Montenegro', 'http://dummyimage.com/213x100.png/dddddd/000000', '$563.38', '2022-01-17 16:59:39', '2022-01-17 17:12:54', 17, 4),
(616, 'Green Lantern: Emerald Knights', 'http://dummyimage.com/193x100.png/cc0000/ffffff', '$488.87', '2022-01-17 16:59:39', '2022-01-17 17:12:54', 17, 4),
(617, 'Ecstasy in Entropy', 'http://dummyimage.com/104x100.png/ff4444/ffffff', '$1969.89', '2022-01-17 16:59:39', '2022-01-17 17:12:54', 17, 4),
(618, 'S.O.B.', 'http://dummyimage.com/116x100.png/5fa2dd/ffffff', '$513.30', '2022-01-17 16:59:39', '2022-01-17 17:12:54', 17, 4),
(619, '300 Miles to Heaven (300 Mil do Nieba)', 'http://dummyimage.com/208x100.png/5fa2dd/ffffff', '$1325.35', '2022-01-17 16:59:39', '2022-01-17 17:12:54', 17, 4),
(620, 'Cherry Falls', 'http://dummyimage.com/203x100.png/cc0000/ffffff', '$1517.41', '2022-01-17 16:59:39', '2022-01-17 17:12:54', 17, 4),
(621, 'Dick Tracy vs. Cueball', 'http://dummyimage.com/231x100.png/dddddd/000000', '$296.07', '2022-01-17 16:59:39', '2022-01-17 17:12:54', 17, 4),
(622, 'Wonderful Ice Cream Suit, The', 'http://dummyimage.com/145x100.png/cc0000/ffffff', '$597.32', '2022-01-17 16:59:39', '2022-01-17 17:12:54', 17, 4),
(623, 'Blade Runner', 'http://dummyimage.com/216x100.png/cc0000/ffffff', '$1183.81', '2022-01-17 16:59:39', '2022-01-17 17:12:54', 17, 4),
(624, 'Hawk Is Dying, The', 'http://dummyimage.com/228x100.png/ff4444/ffffff', '$1801.00', '2022-01-17 16:59:39', '2022-01-17 17:12:54', 17, 4),
(625, 'Guitar, The', 'http://dummyimage.com/179x100.png/ff4444/ffffff', '$865.86', '2022-01-17 16:59:39', '2022-01-17 17:12:54', 17, 4),
(626, 'David et Madame Hansen', 'http://dummyimage.com/233x100.png/5fa2dd/ffffff', '$1456.85', '2022-01-17 16:59:39', '2022-01-17 17:12:54', 17, 4),
(627, 'Sisterhood of the Traveling Pants 2, The', 'http://dummyimage.com/108x100.png/cc0000/ffffff', '$777.89', '2022-01-17 16:59:39', '2022-01-17 17:12:54', 17, 4),
(628, 'Even Money', 'http://dummyimage.com/138x100.png/ff4444/ffffff', '$240.39', '2022-01-17 16:59:39', '2022-01-17 17:12:54', 17, 4),
(629, 'Spellbound', 'http://dummyimage.com/121x100.png/cc0000/ffffff', '$980.55', '2022-01-17 16:59:39', '2022-01-17 17:12:54', 17, 4),
(630, 'Girl, Positive', 'http://dummyimage.com/194x100.png/5fa2dd/ffffff', '$1974.23', '2022-01-17 16:59:39', '2022-01-17 17:12:54', 17, 4),
(631, 'Blackout', 'http://dummyimage.com/191x100.png/cc0000/ffffff', '$1085.44', '2022-01-17 16:59:39', '2022-01-17 17:12:54', 17, 4),
(632, 'Bloomington', 'http://dummyimage.com/185x100.png/ff4444/ffffff', '$1825.31', '2022-01-17 16:59:39', '2022-01-17 17:12:54', 17, 4),
(633, 'Killer: A Journal of Murder', 'http://dummyimage.com/131x100.png/dddddd/000000', '$498.22', '2022-01-17 16:59:39', '2022-01-17 17:12:54', 17, 4),
(634, 'Dhoom', 'http://dummyimage.com/199x100.png/5fa2dd/ffffff', '$1178.48', '2022-01-17 16:59:39', '2022-01-17 17:12:54', 17, 4),
(635, 'Seed of Chucky (Child\'s Play 5)', 'http://dummyimage.com/202x100.png/5fa2dd/ffffff', '$1063.64', '2022-01-17 16:59:39', '2022-01-17 17:12:54', 17, 4),
(636, 'Chiko', 'http://dummyimage.com/127x100.png/cc0000/ffffff', '$920.09', '2022-01-17 16:59:39', '2022-01-17 17:12:54', 17, 4),
(637, 'Backlash', 'http://dummyimage.com/232x100.png/5fa2dd/ffffff', '$1844.58', '2022-01-17 16:59:39', '2022-01-17 17:12:54', 17, 4),
(638, 'Hunger Games: Catching Fire, The', 'http://dummyimage.com/137x100.png/dddddd/000000', '$983.25', '2022-01-17 16:59:39', '2022-01-17 17:12:54', 17, 4),
(639, 'Dry Season (Daratt)', 'http://dummyimage.com/197x100.png/cc0000/ffffff', '$349.58', '2022-01-17 16:59:39', '2022-01-17 17:12:54', 17, 4),
(640, 'Austin Powers: The Spy Who Shagged Me', 'http://dummyimage.com/187x100.png/cc0000/ffffff', '$1800.75', '2022-01-17 16:59:39', '2022-01-17 17:13:35', 18, 4),
(641, '52 Tuesdays', 'http://dummyimage.com/104x100.png/cc0000/ffffff', '$1678.92', '2022-01-17 16:59:39', '2022-01-17 17:13:35', 18, 4),
(642, 'Young Lieutenant, The (Le petit lieutenant)', 'http://dummyimage.com/105x100.png/cc0000/ffffff', '$1330.16', '2022-01-17 16:59:39', '2022-01-17 17:13:35', 18, 4),
(643, 'Bionicle 2: Legends of Metru Nui', 'http://dummyimage.com/236x100.png/ff4444/ffffff', '$205.96', '2022-01-17 16:59:39', '2022-01-17 17:13:35', 18, 4),
(644, 'Magicians', 'http://dummyimage.com/101x100.png/ff4444/ffffff', '$846.93', '2022-01-17 16:59:39', '2022-01-17 17:13:35', 18, 4),
(645, 'Man Who Knew Too Little, The', 'http://dummyimage.com/106x100.png/cc0000/ffffff', '$758.14', '2022-01-17 16:59:39', '2022-01-17 17:13:35', 18, 4),
(646, 'Fish Called Wanda, A', 'http://dummyimage.com/145x100.png/ff4444/ffffff', '$1152.33', '2022-01-17 16:59:39', '2022-01-17 17:13:35', 18, 4),
(647, 'In a Lonely Place', 'http://dummyimage.com/161x100.png/ff4444/ffffff', '$523.89', '2022-01-17 16:59:39', '2022-01-17 17:13:35', 18, 4),
(648, 'Crimson Rivers, The (Rivières pourpres, Les)', 'http://dummyimage.com/155x100.png/ff4444/ffffff', '$688.51', '2022-01-17 16:59:39', '2022-01-17 17:13:35', 18, 4),
(649, 'Born to Be Bad', 'http://dummyimage.com/232x100.png/5fa2dd/ffffff', '$827.34', '2022-01-17 16:59:39', '2022-01-17 17:13:35', 18, 4),
(650, 'Crime of Monsieur Lange, The (Le crime de Monsieur Lange)', 'http://dummyimage.com/158x100.png/cc0000/ffffff', '$691.86', '2022-01-17 16:59:39', '2022-01-17 17:13:35', 18, 4),
(651, 'Cheech & Chong\'s The Corsican Brothers', 'http://dummyimage.com/172x100.png/5fa2dd/ffffff', '$1161.69', '2022-01-17 16:59:39', '2022-01-17 17:13:35', 18, 4),
(652, 'Nana', 'http://dummyimage.com/136x100.png/5fa2dd/ffffff', '$1379.60', '2022-01-17 16:59:39', '2022-01-17 17:13:35', 18, 4),
(653, 'Return to Life', 'http://dummyimage.com/110x100.png/dddddd/000000', '$782.52', '2022-01-17 16:59:39', '2022-01-17 17:13:35', 18, 4),
(654, 'Breaking Point, The', 'http://dummyimage.com/104x100.png/5fa2dd/ffffff', '$1085.38', '2022-01-17 16:59:39', '2022-01-17 17:13:35', 18, 4),
(655, 'Hero and the Terror', 'http://dummyimage.com/120x100.png/5fa2dd/ffffff', '$717.08', '2022-01-17 16:59:39', '2022-01-17 17:13:35', 18, 4),
(656, 'Limelight', 'http://dummyimage.com/135x100.png/dddddd/000000', '$1120.47', '2022-01-17 16:59:39', '2022-01-17 17:13:35', 18, 4),
(657, 'Son in Law', 'http://dummyimage.com/183x100.png/5fa2dd/ffffff', '$1584.52', '2022-01-17 16:59:39', '2022-01-17 17:13:35', 18, 4),
(658, 'Paranormal Activity: The Marked Ones', 'http://dummyimage.com/196x100.png/cc0000/ffffff', '$1142.68', '2022-01-17 16:59:39', '2022-01-17 17:13:35', 18, 4),
(659, 'Bekännelsen (Confession, The)', 'http://dummyimage.com/201x100.png/5fa2dd/ffffff', '$893.09', '2022-01-17 16:59:39', '2022-01-17 17:13:35', 18, 4),
(660, 'Redwood Highway', 'http://dummyimage.com/182x100.png/5fa2dd/ffffff', '$1896.21', '2022-01-17 16:59:39', '2022-01-17 17:13:35', 18, 4),
(661, 'Introduction to Physics, An', 'http://dummyimage.com/194x100.png/cc0000/ffffff', '$477.64', '2022-01-17 16:59:39', '2022-01-17 17:13:35', 18, 4),
(662, 'Xiu Xiu: The Sent-Down Girl (Tian yu)', 'http://dummyimage.com/248x100.png/ff4444/ffffff', '$1723.93', '2022-01-17 16:59:39', '2022-01-17 17:13:35', 18, 4),
(663, 'Cosmic Journey', 'http://dummyimage.com/186x100.png/dddddd/000000', '$1004.32', '2022-01-17 16:59:39', '2022-01-17 17:13:35', 18, 4),
(664, 'Time in the Minors', 'http://dummyimage.com/204x100.png/dddddd/000000', '$1940.48', '2022-01-17 16:59:39', '2022-01-17 17:13:35', 18, 4),
(665, 'Fiancee, The (Parineeta)', 'http://dummyimage.com/186x100.png/ff4444/ffffff', '$753.29', '2022-01-17 16:59:39', '2022-01-17 17:13:35', 18, 4),
(666, 'Shaft in Africa', 'http://dummyimage.com/127x100.png/dddddd/000000', '$824.57', '2022-01-17 16:59:39', '2022-01-17 17:13:35', 18, 4),
(667, 'Take the Money and Run', 'http://dummyimage.com/210x100.png/5fa2dd/ffffff', '$1604.49', '2022-01-17 16:59:39', '2022-01-17 17:13:35', 18, 4),
(668, 'Deck the Halls', 'http://dummyimage.com/211x100.png/cc0000/ffffff', '$964.20', '2022-01-17 16:59:39', '2022-01-17 17:13:35', 18, 4),
(669, 'Asterix and the Vikings (Astérix et les Vikings)', 'http://dummyimage.com/244x100.png/5fa2dd/ffffff', '$1121.15', '2022-01-17 16:59:39', '2022-01-17 17:13:35', 18, 4),
(670, 'Virtual JFK: Vietnam If Kennedy Had Lived', 'http://dummyimage.com/176x100.png/cc0000/ffffff', '$679.38', '2022-01-17 16:59:39', '2022-01-17 17:13:35', 18, 4),
(671, 'Not Quite Hollywood: The Wild, Untold Story of Ozploitation!', 'http://dummyimage.com/178x100.png/cc0000/ffffff', '$466.72', '2022-01-17 16:59:39', '2022-01-17 17:13:35', 18, 4),
(672, 'Pale Cocoon (Peiru Kokun)', 'http://dummyimage.com/194x100.png/dddddd/000000', '$1786.33', '2022-01-17 16:59:39', '2022-01-17 17:13:35', 18, 4),
(673, 'Fire', 'http://dummyimage.com/169x100.png/ff4444/ffffff', '$1850.95', '2022-01-17 16:59:39', '2022-01-17 17:13:35', 18, 4),
(674, 'Io Island (Iodo)', 'http://dummyimage.com/176x100.png/5fa2dd/ffffff', '$1970.37', '2022-01-17 16:59:39', '2022-01-17 17:13:35', 18, 4),
(675, 'Ploy', 'http://dummyimage.com/145x100.png/ff4444/ffffff', '$1367.66', '2022-01-17 16:59:39', '2022-01-17 17:13:35', 18, 4),
(676, 'Revolution #9', 'http://dummyimage.com/122x100.png/5fa2dd/ffffff', '$849.28', '2022-01-17 16:59:39', '2022-01-17 17:13:35', 18, 4),
(677, 'La montaña rusa', 'http://dummyimage.com/133x100.png/ff4444/ffffff', '$1565.21', '2022-01-17 16:59:39', '2022-01-17 17:13:35', 18, 4),
(678, 'Cool Air', 'http://dummyimage.com/152x100.png/ff4444/ffffff', '$1092.42', '2022-01-17 16:59:39', '2022-01-17 17:13:35', 18, 4),
(679, 'Lightning Jack', 'http://dummyimage.com/212x100.png/cc0000/ffffff', '$852.39', '2022-01-17 16:59:39', '2022-01-17 17:13:35', 18, 4),
(680, 'Welcome Home, Roxy Carmichael', 'http://dummyimage.com/101x100.png/cc0000/ffffff', '$1176.05', '2022-01-17 16:59:39', '2022-01-17 17:13:46', 19, 4),
(681, 'What Is It?', 'http://dummyimage.com/147x100.png/dddddd/000000', '$924.23', '2022-01-17 16:59:39', '2022-01-17 17:13:46', 19, 4),
(682, 'Love Loves Coincidences', 'http://dummyimage.com/146x100.png/dddddd/000000', '$851.32', '2022-01-17 16:59:39', '2022-01-17 17:13:46', 19, 4),
(683, 'Last September, The', 'http://dummyimage.com/179x100.png/dddddd/000000', '$1954.72', '2022-01-17 16:59:39', '2022-01-17 17:13:46', 19, 4),
(684, 'Hideaway', 'http://dummyimage.com/246x100.png/ff4444/ffffff', '$1258.63', '2022-01-17 16:59:39', '2022-01-17 17:13:46', 19, 4),
(685, 'Zen', 'http://dummyimage.com/135x100.png/dddddd/000000', '$803.33', '2022-01-17 16:59:39', '2022-01-17 17:13:46', 19, 4),
(686, 'Flicka', 'http://dummyimage.com/163x100.png/dddddd/000000', '$1100.78', '2022-01-17 16:59:39', '2022-01-17 17:13:46', 19, 4),
(687, 'Ten Inch Hero', 'http://dummyimage.com/166x100.png/ff4444/ffffff', '$623.28', '2022-01-17 16:59:39', '2022-01-17 17:13:46', 19, 4),
(688, 'Gypsy 83', 'http://dummyimage.com/245x100.png/ff4444/ffffff', '$594.06', '2022-01-17 16:59:39', '2022-01-17 17:13:46', 19, 4),
(689, 'Up in Arms', 'http://dummyimage.com/189x100.png/cc0000/ffffff', '$270.69', '2022-01-17 16:59:39', '2022-01-17 17:13:46', 19, 4),
(690, 'Ghost Goes West, The', 'http://dummyimage.com/222x100.png/ff4444/ffffff', '$770.99', '2022-01-17 16:59:39', '2022-01-17 17:13:46', 19, 4);
INSERT INTO `product` (`id`, `name`, `picture`, `price`, `created`, `updated`, `outlet_id`, `brand_id`) VALUES
(691, 'Hobbit: The Desolation of Smaug, The', 'http://dummyimage.com/209x100.png/ff4444/ffffff', '$525.20', '2022-01-17 16:59:39', '2022-01-17 17:13:46', 19, 4),
(692, 'Disappearance of Eleanor Rigby: Them, The', 'http://dummyimage.com/118x100.png/ff4444/ffffff', '$349.70', '2022-01-17 16:59:39', '2022-01-17 17:13:46', 19, 4),
(693, 'Keeping the Promise (Sign of the Beaver, The)', 'http://dummyimage.com/211x100.png/5fa2dd/ffffff', '$1662.04', '2022-01-17 16:59:39', '2022-01-17 17:13:46', 19, 4),
(694, 'Clifford\'s Really Big Movie', 'http://dummyimage.com/113x100.png/cc0000/ffffff', '$850.56', '2022-01-17 16:59:39', '2022-01-17 17:13:46', 19, 4),
(695, 'Reincarnation of Peter Proud, The', 'http://dummyimage.com/212x100.png/cc0000/ffffff', '$513.65', '2022-01-17 16:59:39', '2022-01-17 17:13:46', 19, 4),
(696, 'Monkey in Winter, A (Un singe en hiver)', 'http://dummyimage.com/227x100.png/cc0000/ffffff', '$607.09', '2022-01-17 16:59:39', '2022-01-17 17:13:46', 19, 4),
(697, 'Paper Man', 'http://dummyimage.com/246x100.png/cc0000/ffffff', '$309.66', '2022-01-17 16:59:39', '2022-01-17 17:13:46', 19, 4),
(698, '貞子3D', 'http://dummyimage.com/213x100.png/cc0000/ffffff', '$345.22', '2022-01-17 16:59:39', '2022-01-17 17:13:46', 19, 4),
(699, 'Sudden Wealth of the Poor People of Kombach, The (Der plötzliche Reichtum der armen Leute von Kombach)', 'http://dummyimage.com/145x100.png/5fa2dd/ffffff', '$669.30', '2022-01-17 16:59:39', '2022-01-17 17:13:46', 19, 4),
(700, 'Return to Horror High', 'http://dummyimage.com/198x100.png/ff4444/ffffff', '$240.41', '2022-01-17 16:59:39', '2022-01-17 17:13:46', 19, 4),
(701, 'Conquest 1453 (Fetih 1453)', 'http://dummyimage.com/203x100.png/ff4444/ffffff', '$1149.33', '2022-01-17 16:59:39', '2022-01-17 17:13:46', 19, 4),
(702, 'Cathy Come Home', 'http://dummyimage.com/151x100.png/5fa2dd/ffffff', '$1677.64', '2022-01-17 16:59:39', '2022-01-17 17:13:46', 19, 4),
(703, '7th Floor', 'http://dummyimage.com/240x100.png/dddddd/000000', '$209.58', '2022-01-17 16:59:39', '2022-01-17 17:13:46', 19, 4),
(704, 'Forgetting Sarah Marshall', 'http://dummyimage.com/205x100.png/ff4444/ffffff', '$1324.64', '2022-01-17 16:59:39', '2022-01-17 17:13:46', 19, 4),
(705, 'Children (Börn)', 'http://dummyimage.com/225x100.png/cc0000/ffffff', '$340.39', '2022-01-17 16:59:39', '2022-01-17 17:13:46', 19, 4),
(706, 'Murder on Monday', 'http://dummyimage.com/230x100.png/5fa2dd/ffffff', '$842.10', '2022-01-17 16:59:39', '2022-01-17 17:13:46', 19, 4),
(707, 'Bear\'s Kiss', 'http://dummyimage.com/227x100.png/ff4444/ffffff', '$1150.51', '2022-01-17 16:59:39', '2022-01-17 17:13:46', 19, 4),
(708, 'Berlin 36', 'http://dummyimage.com/111x100.png/5fa2dd/ffffff', '$1871.14', '2022-01-17 16:59:39', '2022-01-17 17:13:46', 19, 4),
(709, 'Holy Rollers', 'http://dummyimage.com/208x100.png/5fa2dd/ffffff', '$1000.18', '2022-01-17 16:59:39', '2022-01-17 17:13:46', 19, 4),
(710, 'Suspect', 'http://dummyimage.com/138x100.png/dddddd/000000', '$340.76', '2022-01-17 16:59:39', '2022-01-17 17:13:46', 19, 4),
(711, 'The Well', 'http://dummyimage.com/143x100.png/ff4444/ffffff', '$324.35', '2022-01-17 16:59:39', '2022-01-17 17:13:46', 19, 4),
(712, 'Moment of Innocence, A (Nun va Goldoon)', 'http://dummyimage.com/161x100.png/ff4444/ffffff', '$1049.52', '2022-01-17 16:59:39', '2022-01-17 17:13:46', 19, 4),
(713, 'Bad Boy (Dawg)', 'http://dummyimage.com/144x100.png/ff4444/ffffff', '$216.30', '2022-01-17 16:59:39', '2022-01-17 17:13:46', 19, 4),
(714, 'L\'antisémite', 'http://dummyimage.com/100x100.png/ff4444/ffffff', '$501.54', '2022-01-17 16:59:39', '2022-01-17 17:13:46', 19, 4),
(715, 'Ready to Rumble', 'http://dummyimage.com/155x100.png/ff4444/ffffff', '$1038.61', '2022-01-17 16:59:39', '2022-01-17 17:13:46', 19, 4),
(716, 'Young Thugs: Nostalgia (Kishiwada shônen gurentai: Bôkyô)', 'http://dummyimage.com/106x100.png/5fa2dd/ffffff', '$233.45', '2022-01-17 16:59:39', '2022-01-17 17:13:46', 19, 4),
(717, 'Good Mother, The', 'http://dummyimage.com/148x100.png/dddddd/000000', '$265.70', '2022-01-17 16:59:39', '2022-01-17 17:13:46', 19, 4),
(718, 'Spider-Man', 'http://dummyimage.com/239x100.png/cc0000/ffffff', '$1462.08', '2022-01-17 16:59:39', '2022-01-17 17:13:46', 19, 4),
(719, 'Thunderheart', 'http://dummyimage.com/110x100.png/5fa2dd/ffffff', '$824.33', '2022-01-17 16:59:39', '2022-01-17 17:13:46', 19, 4),
(720, 'Casa de mi Padre', 'http://dummyimage.com/129x100.png/dddddd/000000', '$1389.20', '2022-01-17 16:59:39', '2022-01-17 17:14:02', 20, 4),
(721, 'Fatal Beauty', 'http://dummyimage.com/200x100.png/ff4444/ffffff', '$1049.47', '2022-01-17 16:59:39', '2022-01-17 17:14:02', 20, 4),
(722, 'Modris', 'http://dummyimage.com/202x100.png/ff4444/ffffff', '$1187.75', '2022-01-17 16:59:39', '2022-01-17 17:14:02', 20, 4),
(723, 'Story of Me, The (O contador de histórias)', 'http://dummyimage.com/172x100.png/ff4444/ffffff', '$744.96', '2022-01-17 16:59:39', '2022-01-17 17:14:02', 20, 4),
(724, 'Who\'s That Girl?', 'http://dummyimage.com/187x100.png/5fa2dd/ffffff', '$1651.52', '2022-01-17 16:59:39', '2022-01-17 17:14:02', 20, 4),
(725, '...All the Marbles (California Dolls, The)', 'http://dummyimage.com/200x100.png/cc0000/ffffff', '$611.88', '2022-01-17 16:59:39', '2022-01-17 17:14:02', 20, 4),
(726, 'Mattei Affair, The (Il caso Mattei)', 'http://dummyimage.com/125x100.png/5fa2dd/ffffff', '$419.83', '2022-01-17 16:59:39', '2022-01-17 17:14:02', 20, 4),
(727, 'Blood Creek (a.k.a. Town Creek)', 'http://dummyimage.com/246x100.png/dddddd/000000', '$1379.87', '2022-01-17 16:59:39', '2022-01-17 17:14:02', 20, 4),
(728, 'Warm December, A', 'http://dummyimage.com/121x100.png/dddddd/000000', '$1972.21', '2022-01-17 16:59:39', '2022-01-17 17:14:02', 20, 4),
(729, 'Scorpion King, The', 'http://dummyimage.com/192x100.png/cc0000/ffffff', '$1466.56', '2022-01-17 16:59:39', '2022-01-17 17:14:02', 20, 4),
(730, 'Second Woman, The', 'http://dummyimage.com/192x100.png/cc0000/ffffff', '$1287.41', '2022-01-17 16:59:39', '2022-01-17 17:14:02', 20, 4),
(731, 'Going Berserk', 'http://dummyimage.com/224x100.png/ff4444/ffffff', '$1539.81', '2022-01-17 16:59:39', '2022-01-17 17:14:02', 20, 4),
(732, 'Sun Wind (Aurinkotuuli)', 'http://dummyimage.com/101x100.png/cc0000/ffffff', '$1659.92', '2022-01-17 16:59:39', '2022-01-17 17:14:02', 20, 4),
(733, 'Teahouse of the August Moon, The', 'http://dummyimage.com/234x100.png/5fa2dd/ffffff', '$1174.72', '2022-01-17 16:59:39', '2022-01-17 17:14:02', 20, 4),
(734, 'Criminal Justice', 'http://dummyimage.com/186x100.png/5fa2dd/ffffff', '$1403.73', '2022-01-17 16:59:39', '2022-01-17 17:14:02', 20, 4),
(735, 'Are You Here', 'http://dummyimage.com/136x100.png/ff4444/ffffff', '$1119.99', '2022-01-17 16:59:39', '2022-01-17 17:14:02', 20, 4),
(736, 'Fountainhead, The', 'http://dummyimage.com/113x100.png/5fa2dd/ffffff', '$806.76', '2022-01-17 16:59:39', '2022-01-17 17:14:02', 20, 4),
(737, 'Doom Generation, The', 'http://dummyimage.com/248x100.png/5fa2dd/ffffff', '$1812.32', '2022-01-17 16:59:39', '2022-01-17 17:14:02', 20, 4),
(738, 'To Each His Own', 'http://dummyimage.com/214x100.png/ff4444/ffffff', '$1730.58', '2022-01-17 16:59:39', '2022-01-17 17:14:02', 20, 4),
(739, 'Scary or Die', 'http://dummyimage.com/151x100.png/ff4444/ffffff', '$647.07', '2022-01-17 16:59:39', '2022-01-17 17:14:02', 20, 4),
(740, 'The Young Savages', 'http://dummyimage.com/180x100.png/ff4444/ffffff', '$1226.43', '2022-01-17 16:59:39', '2022-01-17 17:14:02', 20, 4),
(741, 'Zelary', 'http://dummyimage.com/147x100.png/dddddd/000000', '$1212.80', '2022-01-17 16:59:39', '2022-01-17 17:14:02', 20, 4),
(742, 'Galaxina', 'http://dummyimage.com/158x100.png/ff4444/ffffff', '$1976.38', '2022-01-17 16:59:39', '2022-01-17 17:14:02', 20, 4),
(743, 'Loves of a Blonde (Lásky jedné plavovlásky)', 'http://dummyimage.com/209x100.png/dddddd/000000', '$639.20', '2022-01-17 16:59:39', '2022-01-17 17:14:02', 20, 4),
(744, 'Safe Conduct (Laissez-Passer)', 'http://dummyimage.com/171x100.png/ff4444/ffffff', '$1511.60', '2022-01-17 16:59:39', '2022-01-17 17:14:02', 20, 4),
(745, 'Gamera vs. Barugon', 'http://dummyimage.com/179x100.png/5fa2dd/ffffff', '$330.74', '2022-01-17 16:59:39', '2022-01-17 17:14:02', 20, 4),
(746, 'By the Sword', 'http://dummyimage.com/121x100.png/5fa2dd/ffffff', '$814.30', '2022-01-17 16:59:39', '2022-01-17 17:14:02', 20, 4),
(747, 'Romance', 'http://dummyimage.com/107x100.png/cc0000/ffffff', '$384.80', '2022-01-17 16:59:39', '2022-01-17 17:14:02', 20, 4),
(748, 'Panic Room', 'http://dummyimage.com/205x100.png/ff4444/ffffff', '$1665.51', '2022-01-17 16:59:39', '2022-01-17 17:14:02', 20, 4),
(749, 'Ambition', 'http://dummyimage.com/149x100.png/ff4444/ffffff', '$823.75', '2022-01-17 16:59:39', '2022-01-17 17:14:02', 20, 4),
(750, 'Gentlemen', 'http://dummyimage.com/135x100.png/ff4444/ffffff', '$746.18', '2022-01-17 16:59:39', '2022-01-17 17:14:02', 20, 4),
(751, 'Infinity', 'http://dummyimage.com/130x100.png/ff4444/ffffff', '$1460.25', '2022-01-17 16:59:39', '2022-01-17 17:14:02', 20, 4),
(752, 'Guys and Dolls', 'http://dummyimage.com/120x100.png/5fa2dd/ffffff', '$1245.25', '2022-01-17 16:59:39', '2022-01-17 17:14:02', 20, 4),
(753, 'Driven to Kill', 'http://dummyimage.com/179x100.png/5fa2dd/ffffff', '$207.06', '2022-01-17 16:59:39', '2022-01-17 17:14:02', 20, 4),
(754, 'The Valley of Gwangi', 'http://dummyimage.com/235x100.png/dddddd/000000', '$1541.28', '2022-01-17 16:59:39', '2022-01-17 17:14:02', 20, 4),
(755, 'Daffy Duck\'s Quackbusters', 'http://dummyimage.com/167x100.png/ff4444/ffffff', '$810.56', '2022-01-17 16:59:39', '2022-01-17 17:14:02', 20, 4),
(756, 'Human Tornado, The', 'http://dummyimage.com/240x100.png/dddddd/000000', '$416.47', '2022-01-17 16:59:39', '2022-01-17 17:14:02', 20, 4),
(757, 'Forgetting the Girl', 'http://dummyimage.com/167x100.png/5fa2dd/ffffff', '$1773.80', '2022-01-17 16:59:39', '2022-01-17 17:14:02', 20, 4),
(758, 'Until the Light Takes Us', 'http://dummyimage.com/103x100.png/ff4444/ffffff', '$867.16', '2022-01-17 16:59:39', '2022-01-17 17:14:02', 20, 4),
(759, 'Spacehunter: Adventures in the Forbidden Zone', 'http://dummyimage.com/234x100.png/cc0000/ffffff', '$836.80', '2022-01-17 16:59:39', '2022-01-17 17:14:02', 20, 4),
(760, 'Crew, The', 'http://dummyimage.com/189x100.png/dddddd/000000', '$470.73', '2022-01-17 16:59:39', '2022-01-17 17:14:18', 21, 4),
(761, 'Deconstructing Harry', 'http://dummyimage.com/122x100.png/ff4444/ffffff', '$414.59', '2022-01-17 16:59:39', '2022-01-17 17:14:18', 21, 4),
(762, 'Carlos', 'http://dummyimage.com/192x100.png/ff4444/ffffff', '$300.26', '2022-01-17 16:59:39', '2022-01-17 17:14:18', 21, 4),
(763, 'Into Great Silence (Die große Stille)', 'http://dummyimage.com/224x100.png/dddddd/000000', '$1325.65', '2022-01-17 16:59:39', '2022-01-17 17:14:18', 21, 4),
(764, 'Shriek If You Know What I Did Last Friday the Thirteenth', 'http://dummyimage.com/127x100.png/cc0000/ffffff', '$1759.50', '2022-01-17 16:59:39', '2022-01-17 17:14:18', 21, 4),
(765, 'Rings', 'http://dummyimage.com/250x100.png/5fa2dd/ffffff', '$509.69', '2022-01-17 16:59:39', '2022-01-17 17:14:18', 21, 4),
(766, 'Rockabilly Vampire', 'http://dummyimage.com/107x100.png/ff4444/ffffff', '$1606.72', '2022-01-17 16:59:39', '2022-01-17 17:14:18', 21, 4),
(767, 'School for Scoundrels', 'http://dummyimage.com/158x100.png/dddddd/000000', '$1595.06', '2022-01-17 16:59:39', '2022-01-17 17:14:18', 21, 4),
(768, 'Crow: Salvation, The', 'http://dummyimage.com/177x100.png/dddddd/000000', '$383.42', '2022-01-17 16:59:39', '2022-01-17 17:14:18', 21, 4),
(769, 'Shadow of the Thin Man', 'http://dummyimage.com/171x100.png/cc0000/ffffff', '$999.91', '2022-01-17 16:59:39', '2022-01-17 17:14:18', 21, 4),
(770, 'Admission', 'http://dummyimage.com/143x100.png/ff4444/ffffff', '$657.71', '2022-01-17 16:59:39', '2022-01-17 17:14:18', 21, 4),
(771, 'Friend of Mine, A (Ein Freund von mir)', 'http://dummyimage.com/185x100.png/dddddd/000000', '$1715.73', '2022-01-17 16:59:39', '2022-01-17 17:14:18', 21, 4),
(772, 'Pink Cadillac', 'http://dummyimage.com/193x100.png/dddddd/000000', '$1988.64', '2022-01-17 16:59:39', '2022-01-17 17:14:18', 21, 4),
(773, 'Point Break', 'http://dummyimage.com/203x100.png/ff4444/ffffff', '$311.56', '2022-01-17 16:59:39', '2022-01-17 17:14:18', 21, 4),
(774, 'Rewind This!', 'http://dummyimage.com/125x100.png/dddddd/000000', '$1763.81', '2022-01-17 16:59:39', '2022-01-17 17:14:18', 21, 4),
(775, 'Candy Snatchers, The', 'http://dummyimage.com/215x100.png/ff4444/ffffff', '$1472.49', '2022-01-17 16:59:39', '2022-01-17 17:14:18', 21, 4),
(776, 'Days and Hours (Kod amidze Idriza)', 'http://dummyimage.com/164x100.png/5fa2dd/ffffff', '$1015.04', '2022-01-17 16:59:39', '2022-01-17 17:14:18', 21, 4),
(777, 'London Boulevard', 'http://dummyimage.com/159x100.png/ff4444/ffffff', '$926.02', '2022-01-17 16:59:39', '2022-01-17 17:14:18', 21, 4),
(778, 'Raincoat', 'http://dummyimage.com/182x100.png/5fa2dd/ffffff', '$392.04', '2022-01-17 16:59:39', '2022-01-17 17:14:18', 21, 4),
(779, 'Psycho II', 'http://dummyimage.com/171x100.png/cc0000/ffffff', '$1973.70', '2022-01-17 16:59:39', '2022-01-17 17:14:18', 21, 4),
(780, 'Longford', 'http://dummyimage.com/246x100.png/ff4444/ffffff', '$1620.58', '2022-01-17 16:59:39', '2022-01-17 17:14:18', 21, 4),
(781, 'Hans (Kukkulan kuningas) ', 'http://dummyimage.com/166x100.png/dddddd/000000', '$1671.30', '2022-01-17 16:59:39', '2022-01-17 17:14:18', 21, 4),
(782, 'Reunion', 'http://dummyimage.com/149x100.png/ff4444/ffffff', '$1113.13', '2022-01-17 16:59:39', '2022-01-17 17:14:18', 21, 4),
(783, 'Snapper, The', 'http://dummyimage.com/125x100.png/5fa2dd/ffffff', '$1142.72', '2022-01-17 16:59:39', '2022-01-17 17:14:18', 21, 4),
(784, 'Wise Blood', 'http://dummyimage.com/154x100.png/5fa2dd/ffffff', '$379.97', '2022-01-17 16:59:39', '2022-01-17 17:14:18', 21, 4),
(785, 'Prophecy 3: The Ascent, The', 'http://dummyimage.com/225x100.png/dddddd/000000', '$1090.22', '2022-01-17 16:59:39', '2022-01-17 17:14:18', 21, 4),
(786, 'Angriest Man in Brooklyn, The', 'http://dummyimage.com/113x100.png/cc0000/ffffff', '$1184.75', '2022-01-17 16:59:39', '2022-01-17 17:14:18', 21, 4),
(787, 'The Imitation Game', 'http://dummyimage.com/212x100.png/5fa2dd/ffffff', '$734.21', '2022-01-17 16:59:39', '2022-01-17 17:14:18', 21, 4),
(788, 'Santa Claus Is a Stinker (Le Père Noël est une ordure)', 'http://dummyimage.com/198x100.png/5fa2dd/ffffff', '$1051.07', '2022-01-17 16:59:39', '2022-01-17 17:14:18', 21, 4),
(789, 'Alice Adams', 'http://dummyimage.com/228x100.png/5fa2dd/ffffff', '$1082.88', '2022-01-17 16:59:39', '2022-01-17 17:14:18', 21, 4),
(790, 'Innkeepers, The', 'http://dummyimage.com/109x100.png/cc0000/ffffff', '$1136.88', '2022-01-17 16:59:39', '2022-01-17 17:14:18', 21, 4),
(791, 'Company', 'http://dummyimage.com/144x100.png/ff4444/ffffff', '$1799.46', '2022-01-17 16:59:39', '2022-01-17 17:14:18', 21, 4),
(792, 'From Above', 'http://dummyimage.com/177x100.png/5fa2dd/ffffff', '$1169.05', '2022-01-17 16:59:39', '2022-01-17 17:14:18', 21, 4),
(793, 'Kummeli Goldrush (Kummeli kultakuume)', 'http://dummyimage.com/192x100.png/dddddd/000000', '$1550.40', '2022-01-17 16:59:39', '2022-01-17 17:14:18', 21, 4),
(794, 'Lottery Ticket', 'http://dummyimage.com/156x100.png/cc0000/ffffff', '$800.07', '2022-01-17 16:59:39', '2022-01-17 17:14:18', 21, 4),
(795, 'Andrei Rublev (Andrey Rublyov)', 'http://dummyimage.com/118x100.png/5fa2dd/ffffff', '$954.97', '2022-01-17 16:59:39', '2022-01-17 17:14:18', 21, 4),
(796, 'Amazon Jack 2: The Movie Star (a.k.a. Hugo the Movie Star) (Jungledyret 2 - den store filmhelt)', 'http://dummyimage.com/220x100.png/ff4444/ffffff', '$578.72', '2022-01-17 16:59:39', '2022-01-17 17:14:18', 21, 4),
(797, 'Grifters, The', 'http://dummyimage.com/204x100.png/dddddd/000000', '$338.51', '2022-01-17 16:59:39', '2022-01-17 17:14:18', 21, 4),
(798, 'Streets of Blood', 'http://dummyimage.com/236x100.png/ff4444/ffffff', '$344.14', '2022-01-17 16:59:39', '2022-01-17 17:14:18', 21, 4),
(799, 'Mighty Heart, A', 'http://dummyimage.com/197x100.png/dddddd/000000', '$1309.98', '2022-01-17 16:59:39', '2022-01-17 17:14:18', 21, 4),
(800, 'Goats', 'http://dummyimage.com/114x100.png/dddddd/000000', '$1387.12', '2022-01-17 16:59:39', '2022-01-17 17:14:40', 22, 5),
(801, 'MatchMaker, The', 'http://dummyimage.com/100x100.png/cc0000/ffffff', '$418.24', '2022-01-17 16:59:39', '2022-01-17 17:14:40', 22, 5),
(802, 'Chance Pe Dance', 'http://dummyimage.com/241x100.png/dddddd/000000', '$1648.65', '2022-01-17 16:59:39', '2022-01-17 17:14:40', 22, 5),
(803, 'Wings of Desire (Himmel über Berlin, Der)', 'http://dummyimage.com/186x100.png/5fa2dd/ffffff', '$1114.02', '2022-01-17 16:59:39', '2022-01-17 17:14:40', 22, 5),
(804, 'Wing and a Prayer', 'http://dummyimage.com/231x100.png/cc0000/ffffff', '$1203.31', '2022-01-17 16:59:39', '2022-01-17 17:14:40', 22, 5),
(805, 'Deck the Halls', 'http://dummyimage.com/157x100.png/5fa2dd/ffffff', '$919.94', '2022-01-17 16:59:39', '2022-01-17 17:14:40', 22, 5),
(806, 'Kicked in the Head', 'http://dummyimage.com/206x100.png/dddddd/000000', '$759.67', '2022-01-17 16:59:39', '2022-01-17 17:14:40', 22, 5),
(807, 'Quand je serai petit', 'http://dummyimage.com/184x100.png/cc0000/ffffff', '$1168.60', '2022-01-17 16:59:39', '2022-01-17 17:14:40', 22, 5),
(808, 'I Think I Do', 'http://dummyimage.com/171x100.png/ff4444/ffffff', '$1947.72', '2022-01-17 16:59:39', '2022-01-17 17:14:40', 22, 5),
(809, 'Breaker Morant', 'http://dummyimage.com/223x100.png/cc0000/ffffff', '$1576.64', '2022-01-17 16:59:39', '2022-01-17 17:14:40', 22, 5),
(810, 'Liar\'s Autobiography: The Untrue Story of Monty Python\'s Graham Chapman, A', 'http://dummyimage.com/168x100.png/cc0000/ffffff', '$698.30', '2022-01-17 16:59:39', '2022-01-17 17:14:40', 22, 5),
(811, 'Shining, The', 'http://dummyimage.com/246x100.png/5fa2dd/ffffff', '$1188.66', '2022-01-17 16:59:39', '2022-01-17 17:14:40', 22, 5),
(812, 'Wind, The', 'http://dummyimage.com/175x100.png/dddddd/000000', '$1306.88', '2022-01-17 16:59:39', '2022-01-17 17:14:40', 22, 5),
(813, 'Orphan', 'http://dummyimage.com/240x100.png/dddddd/000000', '$1035.01', '2022-01-17 16:59:39', '2022-01-17 17:14:40', 22, 5),
(814, 'Closed Circuit', 'http://dummyimage.com/224x100.png/ff4444/ffffff', '$1282.91', '2022-01-17 16:59:39', '2022-01-17 17:14:40', 22, 5),
(815, 'Where\'s Poppa?', 'http://dummyimage.com/238x100.png/ff4444/ffffff', '$1944.61', '2022-01-17 16:59:39', '2022-01-17 17:14:40', 22, 5),
(816, 'Huckleberry Finn', 'http://dummyimage.com/176x100.png/cc0000/ffffff', '$1072.83', '2022-01-17 16:59:39', '2022-01-17 17:14:40', 22, 5),
(817, 'Police Academy', 'http://dummyimage.com/113x100.png/cc0000/ffffff', '$722.82', '2022-01-17 16:59:39', '2022-01-17 17:14:40', 22, 5),
(818, 'Arbor, The', 'http://dummyimage.com/136x100.png/cc0000/ffffff', '$1417.26', '2022-01-17 16:59:39', '2022-01-17 17:14:40', 22, 5),
(819, 'Sexmission (Seksmisja)', 'http://dummyimage.com/160x100.png/5fa2dd/ffffff', '$1281.58', '2022-01-17 16:59:39', '2022-01-17 17:14:40', 22, 5),
(820, 'Hellraiser: Hellseeker', 'http://dummyimage.com/108x100.png/5fa2dd/ffffff', '$365.99', '2022-01-17 16:59:39', '2022-01-17 17:14:40', 22, 5),
(821, 'TV Junkie', 'http://dummyimage.com/205x100.png/cc0000/ffffff', '$1964.86', '2022-01-17 16:59:39', '2022-01-17 17:14:40', 22, 5),
(822, 'Anne of Green Gables', 'http://dummyimage.com/242x100.png/cc0000/ffffff', '$623.50', '2022-01-17 16:59:39', '2022-01-17 17:14:40', 22, 5),
(823, 'All Together, The', 'http://dummyimage.com/129x100.png/dddddd/000000', '$1758.19', '2022-01-17 16:59:39', '2022-01-17 17:14:40', 22, 5),
(824, 'Ballerina (La mort du cygne)', 'http://dummyimage.com/229x100.png/dddddd/000000', '$1744.98', '2022-01-17 16:59:39', '2022-01-17 17:14:40', 22, 5),
(825, 'Ballet Shoes', 'http://dummyimage.com/155x100.png/dddddd/000000', '$618.03', '2022-01-17 16:59:39', '2022-01-17 17:14:40', 22, 5),
(826, 'Life of Reilly, The', 'http://dummyimage.com/218x100.png/cc0000/ffffff', '$1847.52', '2022-01-17 16:59:39', '2022-01-17 17:14:40', 22, 5),
(827, 'Dinner with Friends', 'http://dummyimage.com/123x100.png/5fa2dd/ffffff', '$1235.20', '2022-01-17 16:59:39', '2022-01-17 17:14:40', 22, 5),
(828, 'All Over the Guy', 'http://dummyimage.com/229x100.png/cc0000/ffffff', '$1669.57', '2022-01-17 16:59:39', '2022-01-17 17:14:40', 22, 5),
(829, 'Babes on Broadway', 'http://dummyimage.com/234x100.png/ff4444/ffffff', '$1276.18', '2022-01-17 16:59:39', '2022-01-17 17:14:40', 22, 5),
(830, 'Cat o\' Nine Tails, The (Gatto a nove code, Il)', 'http://dummyimage.com/250x100.png/dddddd/000000', '$1817.88', '2022-01-17 16:59:39', '2022-01-17 17:14:40', 22, 5),
(831, 'Topaze', 'http://dummyimage.com/171x100.png/dddddd/000000', '$1033.16', '2022-01-17 16:59:39', '2022-01-17 17:14:40', 22, 5),
(832, 'Those Who Love Me Can Take the Train (Ceux qui m\'aiment prendront le train)', 'http://dummyimage.com/119x100.png/cc0000/ffffff', '$251.95', '2022-01-17 16:59:39', '2022-01-17 17:14:40', 22, 5),
(833, 'Independence Day (a.k.a. ID4)', 'http://dummyimage.com/244x100.png/cc0000/ffffff', '$518.77', '2022-01-17 16:59:39', '2022-01-17 17:14:40', 22, 5),
(834, 'Justice League: War', 'http://dummyimage.com/174x100.png/cc0000/ffffff', '$1142.70', '2022-01-17 16:59:39', '2022-01-17 17:14:40', 22, 5),
(835, 'Left Behind II: Tribulation Force', 'http://dummyimage.com/144x100.png/dddddd/000000', '$317.10', '2022-01-17 16:59:39', '2022-01-17 17:14:40', 22, 5),
(836, 'Moonrise', 'http://dummyimage.com/172x100.png/5fa2dd/ffffff', '$795.93', '2022-01-17 16:59:39', '2022-01-17 17:14:40', 22, 5),
(837, 'Miracle of Morgan\'s Creek, The', 'http://dummyimage.com/101x100.png/cc0000/ffffff', '$1152.71', '2022-01-17 16:59:39', '2022-01-17 17:14:40', 22, 5),
(838, 'Adore', 'http://dummyimage.com/135x100.png/cc0000/ffffff', '$586.34', '2022-01-17 16:59:39', '2022-01-17 17:14:40', 22, 5),
(839, 'Strange Circus (Kimyô na sâkasu)', 'http://dummyimage.com/131x100.png/cc0000/ffffff', '$1596.16', '2022-01-17 16:59:39', '2022-01-17 17:14:40', 22, 5),
(840, 'Frailty', 'http://dummyimage.com/146x100.png/dddddd/000000', '$1641.78', '2022-01-17 16:59:39', '2022-01-17 17:14:55', 23, 5),
(841, 'Pretty Things', 'http://dummyimage.com/144x100.png/ff4444/ffffff', '$730.83', '2022-01-17 16:59:39', '2022-01-17 17:14:55', 23, 5),
(842, 'Confetti', 'http://dummyimage.com/229x100.png/5fa2dd/ffffff', '$762.21', '2022-01-17 16:59:39', '2022-01-17 17:14:55', 23, 5),
(843, 'Come Early Morning', 'http://dummyimage.com/215x100.png/cc0000/ffffff', '$243.85', '2022-01-17 16:59:39', '2022-01-17 17:14:55', 23, 5),
(844, 'Zed & Two Noughts, A', 'http://dummyimage.com/245x100.png/cc0000/ffffff', '$1749.26', '2022-01-17 16:59:39', '2022-01-17 17:14:55', 23, 5),
(845, 'Girl Play', 'http://dummyimage.com/126x100.png/ff4444/ffffff', '$1118.53', '2022-01-17 16:59:39', '2022-01-17 17:14:55', 23, 5),
(846, 'Whistle Blower, The', 'http://dummyimage.com/134x100.png/cc0000/ffffff', '$1791.48', '2022-01-17 16:59:39', '2022-01-17 17:14:55', 23, 5),
(847, 'Little Miss Marker', 'http://dummyimage.com/205x100.png/ff4444/ffffff', '$1727.62', '2022-01-17 16:59:39', '2022-01-17 17:14:55', 23, 5),
(848, 'Cries and Whispers (Viskningar och rop)', 'http://dummyimage.com/121x100.png/dddddd/000000', '$641.87', '2022-01-17 16:59:39', '2022-01-17 17:14:55', 23, 5),
(849, 'Bloodsport 2 (a.k.a. Bloodsport II: The Next Kumite)', 'http://dummyimage.com/250x100.png/ff4444/ffffff', '$816.31', '2022-01-17 16:59:39', '2022-01-17 17:14:55', 23, 5),
(850, 'Laugh, Clown, Laugh', 'http://dummyimage.com/200x100.png/ff4444/ffffff', '$999.62', '2022-01-17 16:59:39', '2022-01-17 17:14:55', 23, 5),
(851, 'Tommy', 'http://dummyimage.com/214x100.png/cc0000/ffffff', '$477.79', '2022-01-17 16:59:39', '2022-01-17 17:14:55', 23, 5),
(852, 'Man with Bogart\'s Face, The', 'http://dummyimage.com/249x100.png/ff4444/ffffff', '$487.84', '2022-01-17 16:59:39', '2022-01-17 17:14:55', 23, 5),
(853, 'Afternoon of a Torturer, The (Dupa-amiaza unui tortionar)', 'http://dummyimage.com/195x100.png/5fa2dd/ffffff', '$967.38', '2022-01-17 16:59:39', '2022-01-17 17:14:55', 23, 5),
(854, 'Of Human Hearts', 'http://dummyimage.com/114x100.png/ff4444/ffffff', '$1013.92', '2022-01-17 16:59:39', '2022-01-17 17:14:55', 23, 5),
(855, 'Tatie Danielle', 'http://dummyimage.com/243x100.png/ff4444/ffffff', '$888.17', '2022-01-17 16:59:39', '2022-01-17 17:14:55', 23, 5),
(856, 'Rain Man', 'http://dummyimage.com/186x100.png/dddddd/000000', '$1597.91', '2022-01-17 16:59:39', '2022-01-17 17:14:55', 23, 5),
(857, 'Michael', 'http://dummyimage.com/153x100.png/cc0000/ffffff', '$797.37', '2022-01-17 16:59:39', '2022-01-17 17:14:55', 23, 5),
(858, 'Mo', 'http://dummyimage.com/168x100.png/5fa2dd/ffffff', '$1321.30', '2022-01-17 16:59:39', '2022-01-17 17:14:55', 23, 5),
(859, 'The Hunchback of Paris', 'http://dummyimage.com/136x100.png/ff4444/ffffff', '$472.50', '2022-01-17 16:59:39', '2022-01-17 17:14:55', 23, 5),
(860, 'Eye of the Needle', 'http://dummyimage.com/161x100.png/5fa2dd/ffffff', '$381.41', '2022-01-17 16:59:39', '2022-01-17 17:14:55', 23, 5),
(861, 'Surf\'s Up', 'http://dummyimage.com/113x100.png/dddddd/000000', '$1891.59', '2022-01-17 16:59:39', '2022-01-17 17:14:55', 23, 5),
(862, 'Vendetta', 'http://dummyimage.com/103x100.png/ff4444/ffffff', '$1575.24', '2022-01-17 16:59:39', '2022-01-17 17:14:55', 23, 5),
(863, 'Elephant Boy', 'http://dummyimage.com/229x100.png/ff4444/ffffff', '$1528.07', '2022-01-17 16:59:39', '2022-01-17 17:14:55', 23, 5),
(864, 'One Lucky Elephant', 'http://dummyimage.com/132x100.png/dddddd/000000', '$904.76', '2022-01-17 16:59:39', '2022-01-17 17:14:55', 23, 5),
(865, 'Christmas Carol: The Movie', 'http://dummyimage.com/127x100.png/ff4444/ffffff', '$605.66', '2022-01-17 16:59:39', '2022-01-17 17:14:55', 23, 5),
(866, 'Fountain, The', 'http://dummyimage.com/168x100.png/dddddd/000000', '$946.91', '2022-01-17 16:59:39', '2022-01-17 17:14:55', 23, 5),
(867, 'Black Moon', 'http://dummyimage.com/135x100.png/5fa2dd/ffffff', '$1969.44', '2022-01-17 16:59:39', '2022-01-17 17:14:55', 23, 5),
(868, 'Spring Break Shark Attack', 'http://dummyimage.com/166x100.png/cc0000/ffffff', '$558.14', '2022-01-17 16:59:39', '2022-01-17 17:14:55', 23, 5),
(869, 'Trouble with Angels, The', 'http://dummyimage.com/212x100.png/dddddd/000000', '$1529.24', '2022-01-17 16:59:39', '2022-01-17 17:14:55', 23, 5),
(870, 'This Island Earth', 'http://dummyimage.com/113x100.png/ff4444/ffffff', '$526.38', '2022-01-17 16:59:39', '2022-01-17 17:14:55', 23, 5),
(871, 'Misfits, The', 'http://dummyimage.com/133x100.png/dddddd/000000', '$458.03', '2022-01-17 16:59:39', '2022-01-17 17:14:55', 23, 5),
(872, 'Once', 'http://dummyimage.com/150x100.png/dddddd/000000', '$1959.88', '2022-01-17 16:59:39', '2022-01-17 17:14:55', 23, 5),
(873, 'Bury My Heart at Wounded Knee', 'http://dummyimage.com/143x100.png/ff4444/ffffff', '$501.18', '2022-01-17 16:59:39', '2022-01-17 17:14:55', 23, 5),
(874, 'Neon Flesh (Carne de neón)', 'http://dummyimage.com/149x100.png/dddddd/000000', '$1466.38', '2022-01-17 16:59:39', '2022-01-17 17:14:55', 23, 5),
(875, 'Saturday Night Fever', 'http://dummyimage.com/216x100.png/5fa2dd/ffffff', '$1051.17', '2022-01-17 16:59:39', '2022-01-17 17:14:55', 23, 5),
(876, 'Teacher\'s Pet', 'http://dummyimage.com/207x100.png/5fa2dd/ffffff', '$837.77', '2022-01-17 16:59:39', '2022-01-17 17:14:55', 23, 5),
(877, 'Cat Soup (Nekojiru-so)', 'http://dummyimage.com/228x100.png/dddddd/000000', '$671.05', '2022-01-17 16:59:39', '2022-01-17 17:14:55', 23, 5),
(878, 'Point, The', 'http://dummyimage.com/219x100.png/cc0000/ffffff', '$424.57', '2022-01-17 16:59:39', '2022-01-17 17:14:55', 23, 5),
(879, 'They Came Back (Les Revenants)', 'http://dummyimage.com/205x100.png/dddddd/000000', '$956.82', '2022-01-17 16:59:39', '2022-01-17 17:14:55', 23, 5),
(880, 'Singing Nun, The', 'http://dummyimage.com/151x100.png/cc0000/ffffff', '$982.36', '2022-01-17 16:59:39', '2022-01-17 17:15:09', 24, 5),
(881, 'Godfather, The', 'http://dummyimage.com/166x100.png/5fa2dd/ffffff', '$1175.06', '2022-01-17 16:59:39', '2022-01-17 17:15:09', 24, 5),
(882, 'Disorder', 'http://dummyimage.com/161x100.png/dddddd/000000', '$1782.70', '2022-01-17 16:59:39', '2022-01-17 17:15:09', 24, 5),
(883, 'Scooby-Doo 2: Monsters Unleashed', 'http://dummyimage.com/106x100.png/cc0000/ffffff', '$939.97', '2022-01-17 16:59:39', '2022-01-17 17:15:09', 24, 5),
(884, 'Love and a Bullet', 'http://dummyimage.com/126x100.png/ff4444/ffffff', '$1807.43', '2022-01-17 16:59:39', '2022-01-17 17:15:09', 24, 5),
(885, 'Ultraviolet', 'http://dummyimage.com/195x100.png/5fa2dd/ffffff', '$772.50', '2022-01-17 16:59:39', '2022-01-17 17:15:09', 24, 5),
(886, 'None But the Lonely Heart', 'http://dummyimage.com/142x100.png/cc0000/ffffff', '$1205.03', '2022-01-17 16:59:39', '2022-01-17 17:15:09', 24, 5),
(887, 'Unknown, The (a.k.a. Alonzo the Armless)', 'http://dummyimage.com/190x100.png/dddddd/000000', '$1206.43', '2022-01-17 16:59:39', '2022-01-17 17:15:09', 24, 5),
(888, 'The Key', 'http://dummyimage.com/149x100.png/ff4444/ffffff', '$374.09', '2022-01-17 16:59:39', '2022-01-17 17:15:09', 24, 5),
(889, 'Santa Clause 2, The', 'http://dummyimage.com/224x100.png/dddddd/000000', '$424.22', '2022-01-17 16:59:39', '2022-01-17 17:15:09', 24, 5),
(890, 'Garden of the Finzi-Continis, The (Giardino dei Finzi-Contini, Il)', 'http://dummyimage.com/179x100.png/5fa2dd/ffffff', '$1246.54', '2022-01-17 16:59:39', '2022-01-17 17:15:09', 24, 5),
(891, 'Here on Earth', 'http://dummyimage.com/237x100.png/cc0000/ffffff', '$272.33', '2022-01-17 16:59:39', '2022-01-17 17:15:09', 24, 5),
(892, 'Strangler, The', 'http://dummyimage.com/215x100.png/5fa2dd/ffffff', '$459.02', '2022-01-17 16:59:39', '2022-01-17 17:15:09', 24, 5),
(893, 'Sexy Baby', 'http://dummyimage.com/189x100.png/5fa2dd/ffffff', '$1775.84', '2022-01-17 16:59:39', '2022-01-17 17:15:09', 24, 5),
(894, 'Square, The', 'http://dummyimage.com/184x100.png/5fa2dd/ffffff', '$312.15', '2022-01-17 16:59:39', '2022-01-17 17:15:09', 24, 5),
(895, 'Hunger', 'http://dummyimage.com/233x100.png/5fa2dd/ffffff', '$536.25', '2022-01-17 16:59:39', '2022-01-17 17:15:09', 24, 5),
(896, 'Trinity: Gambling for High Stakes (Odds and Evens) (Pari e dispari)', 'http://dummyimage.com/170x100.png/cc0000/ffffff', '$1776.22', '2022-01-17 16:59:39', '2022-01-17 17:15:09', 24, 5),
(897, 'Jean Gentil', 'http://dummyimage.com/189x100.png/dddddd/000000', '$736.64', '2022-01-17 16:59:39', '2022-01-17 17:15:09', 24, 5),
(898, 'Long Way Round', 'http://dummyimage.com/235x100.png/dddddd/000000', '$1125.42', '2022-01-17 16:59:39', '2022-01-17 17:15:09', 24, 5),
(899, 'Analyze This', 'http://dummyimage.com/235x100.png/ff4444/ffffff', '$1662.73', '2022-01-17 16:59:39', '2022-01-17 17:15:09', 24, 5),
(900, 'Craig\'s Wife', 'http://dummyimage.com/227x100.png/ff4444/ffffff', '$1030.65', '2022-01-17 16:59:39', '2022-01-17 17:15:09', 24, 5),
(901, 'Sword of Desperation (Hisshiken torisashi)', 'http://dummyimage.com/232x100.png/ff4444/ffffff', '$462.65', '2022-01-17 16:59:39', '2022-01-17 17:15:09', 24, 5),
(902, 'V.I.P.s, The', 'http://dummyimage.com/228x100.png/cc0000/ffffff', '$266.03', '2022-01-17 16:59:39', '2022-01-17 17:15:09', 24, 5),
(903, 'Des fleurs pour Algernon', 'http://dummyimage.com/233x100.png/5fa2dd/ffffff', '$427.15', '2022-01-17 16:59:39', '2022-01-17 17:15:09', 24, 5),
(904, 'I Are You, You Am Me (Tenkosei)', 'http://dummyimage.com/112x100.png/ff4444/ffffff', '$661.21', '2022-01-17 16:59:39', '2022-01-17 17:15:09', 24, 5),
(905, 'Girl Who Leapt Through Time, The (Toki o kakeru shôjo)', 'http://dummyimage.com/157x100.png/dddddd/000000', '$1792.51', '2022-01-17 16:59:39', '2022-01-17 17:15:09', 24, 5),
(906, 'Crossworlds', 'http://dummyimage.com/168x100.png/dddddd/000000', '$971.38', '2022-01-17 16:59:39', '2022-01-17 17:15:09', 24, 5),
(907, 'Sixtynine', 'http://dummyimage.com/232x100.png/dddddd/000000', '$922.94', '2022-01-17 16:59:39', '2022-01-17 17:15:09', 24, 5),
(908, 'Hillbillys in a Haunted House', 'http://dummyimage.com/171x100.png/5fa2dd/ffffff', '$1177.75', '2022-01-17 16:59:39', '2022-01-17 17:15:09', 24, 5),
(909, 'Pulse', 'http://dummyimage.com/250x100.png/5fa2dd/ffffff', '$1989.05', '2022-01-17 16:59:39', '2022-01-17 17:15:09', 24, 5),
(910, 'If Footmen Tire You What Will Horses Do?', 'http://dummyimage.com/231x100.png/dddddd/000000', '$1320.16', '2022-01-17 16:59:39', '2022-01-17 17:15:09', 24, 5),
(911, 'Attila (Attila Flagello di Dio)', 'http://dummyimage.com/148x100.png/ff4444/ffffff', '$1710.69', '2022-01-17 16:59:39', '2022-01-17 17:15:09', 24, 5),
(912, 'War of the Dead - Stone\'s War ', 'http://dummyimage.com/114x100.png/cc0000/ffffff', '$1933.23', '2022-01-17 16:59:39', '2022-01-17 17:15:09', 24, 5),
(913, 'Late Autumn (Akibiyori)', 'http://dummyimage.com/164x100.png/ff4444/ffffff', '$606.03', '2022-01-17 16:59:39', '2022-01-17 17:15:09', 24, 5),
(914, '100 Ways to Murder Your Wife (Sha qi er ren zu)', 'http://dummyimage.com/206x100.png/dddddd/000000', '$1213.39', '2022-01-17 16:59:39', '2022-01-17 17:15:09', 24, 5),
(915, 'Wild Horses (Caballos salvajes)', 'http://dummyimage.com/135x100.png/5fa2dd/ffffff', '$316.08', '2022-01-17 16:59:39', '2022-01-17 17:15:09', 24, 5),
(916, 'Phyllis and Harold', 'http://dummyimage.com/132x100.png/ff4444/ffffff', '$219.15', '2022-01-17 16:59:39', '2022-01-17 17:15:09', 24, 5),
(917, 'Sin Retorno', 'http://dummyimage.com/175x100.png/cc0000/ffffff', '$1677.34', '2022-01-17 16:59:39', '2022-01-17 17:15:09', 24, 5),
(918, 'Forgotten One, The', 'http://dummyimage.com/140x100.png/ff4444/ffffff', '$1339.04', '2022-01-17 16:59:39', '2022-01-17 17:15:09', 24, 5),
(919, 'Dick', 'http://dummyimage.com/188x100.png/cc0000/ffffff', '$746.44', '2022-01-17 16:59:39', '2022-01-17 17:15:09', 24, 5),
(920, 'Triumph of Love, The', 'http://dummyimage.com/177x100.png/dddddd/000000', '$249.78', '2022-01-17 16:59:39', '2022-01-17 17:15:23', 25, 5),
(921, 'The Black Devil', 'http://dummyimage.com/139x100.png/5fa2dd/ffffff', '$1055.98', '2022-01-17 16:59:39', '2022-01-17 17:15:23', 25, 5),
(922, 'Christopher Strong', 'http://dummyimage.com/215x100.png/ff4444/ffffff', '$1228.65', '2022-01-17 16:59:39', '2022-01-17 17:15:23', 25, 5),
(923, 'Which Way Is the Front Line From Here?  The Life and Time of Tim Hetherington', 'http://dummyimage.com/224x100.png/cc0000/ffffff', '$210.86', '2022-01-17 16:59:39', '2022-01-17 17:15:23', 25, 5),
(924, 'Bone', 'http://dummyimage.com/162x100.png/cc0000/ffffff', '$1536.65', '2022-01-17 16:59:39', '2022-01-17 17:15:23', 25, 5),
(925, 'Medea', 'http://dummyimage.com/121x100.png/5fa2dd/ffffff', '$1870.00', '2022-01-17 16:59:39', '2022-01-17 17:15:23', 25, 5),
(926, '\'Human\' Factor, The (Human Factor, The)', 'http://dummyimage.com/227x100.png/5fa2dd/ffffff', '$286.59', '2022-01-17 16:59:39', '2022-01-17 17:15:23', 25, 5),
(927, 'Mercy Streets', 'http://dummyimage.com/245x100.png/cc0000/ffffff', '$729.38', '2022-01-17 16:59:39', '2022-01-17 17:15:23', 25, 5),
(928, 'Cry Baby Lane', 'http://dummyimage.com/228x100.png/dddddd/000000', '$906.73', '2022-01-17 16:59:39', '2022-01-17 17:15:23', 25, 5),
(929, 'Beverly Hillbillies, The', 'http://dummyimage.com/143x100.png/5fa2dd/ffffff', '$287.47', '2022-01-17 16:59:39', '2022-01-17 17:15:23', 25, 5),
(930, 'Karlsson on the Roof', 'http://dummyimage.com/218x100.png/dddddd/000000', '$585.92', '2022-01-17 16:59:39', '2022-01-17 17:15:23', 25, 5),
(931, 'Allan Quatermain and the Lost City of Gold', 'http://dummyimage.com/117x100.png/cc0000/ffffff', '$290.52', '2022-01-17 16:59:39', '2022-01-17 17:15:23', 25, 5),
(932, 'Legend of Boggy Creek, The', 'http://dummyimage.com/203x100.png/ff4444/ffffff', '$1705.67', '2022-01-17 16:59:39', '2022-01-17 17:15:23', 25, 5),
(933, 'Early Spring (Soshun)', 'http://dummyimage.com/125x100.png/dddddd/000000', '$925.53', '2022-01-17 16:59:39', '2022-01-17 17:15:23', 25, 5),
(934, 'Great Gabbo, The', 'http://dummyimage.com/176x100.png/ff4444/ffffff', '$1670.11', '2022-01-17 16:59:39', '2022-01-17 17:15:23', 25, 5),
(935, 'Sleep, My Love', 'http://dummyimage.com/228x100.png/dddddd/000000', '$1177.46', '2022-01-17 16:59:39', '2022-01-17 17:15:23', 25, 5),
(936, 'Michael', 'http://dummyimage.com/187x100.png/ff4444/ffffff', '$1851.44', '2022-01-17 16:59:39', '2022-01-17 17:15:23', 25, 5),
(937, 'Blood Shack', 'http://dummyimage.com/151x100.png/cc0000/ffffff', '$270.62', '2022-01-17 16:59:39', '2022-01-17 17:15:23', 25, 5),
(938, 'Shrink', 'http://dummyimage.com/205x100.png/ff4444/ffffff', '$911.25', '2022-01-17 16:59:39', '2022-01-17 17:15:23', 25, 5),
(939, 'Police Story 2 (Ging chaat goo si juk jaap)', 'http://dummyimage.com/168x100.png/ff4444/ffffff', '$1210.67', '2022-01-17 16:59:39', '2022-01-17 17:15:23', 25, 5),
(940, 'Snow Beast ', 'http://dummyimage.com/246x100.png/5fa2dd/ffffff', '$1703.27', '2022-01-17 16:59:39', '2022-01-17 17:15:23', 25, 5),
(941, 'Hannibal Rising', 'http://dummyimage.com/196x100.png/dddddd/000000', '$917.60', '2022-01-17 16:59:39', '2022-01-17 17:15:23', 25, 5),
(942, 'Cleopatra', 'http://dummyimage.com/248x100.png/5fa2dd/ffffff', '$1468.78', '2022-01-17 16:59:39', '2022-01-17 17:15:23', 25, 5),
(943, 'My Man Godfrey', 'http://dummyimage.com/194x100.png/dddddd/000000', '$205.44', '2022-01-17 16:59:39', '2022-01-17 17:15:23', 25, 5),
(944, 'Secrets of a Soul (Geheimnisse einer Seele)', 'http://dummyimage.com/121x100.png/cc0000/ffffff', '$291.38', '2022-01-17 16:59:39', '2022-01-17 17:15:23', 25, 5),
(945, 'Looking for Richard', 'http://dummyimage.com/138x100.png/ff4444/ffffff', '$453.80', '2022-01-17 16:59:39', '2022-01-17 17:15:23', 25, 5),
(946, 'Downeast', 'http://dummyimage.com/119x100.png/5fa2dd/ffffff', '$622.67', '2022-01-17 16:59:39', '2022-01-17 17:15:23', 25, 5),
(947, 'Children\'s Hour, The', 'http://dummyimage.com/243x100.png/ff4444/ffffff', '$1004.21', '2022-01-17 16:59:39', '2022-01-17 17:15:23', 25, 5),
(948, 'Willard', 'http://dummyimage.com/151x100.png/5fa2dd/ffffff', '$1296.58', '2022-01-17 16:59:39', '2022-01-17 17:15:23', 25, 5),
(949, 'Cave of the Yellow Dog, The', 'http://dummyimage.com/202x100.png/5fa2dd/ffffff', '$274.80', '2022-01-17 16:59:39', '2022-01-17 17:15:23', 25, 5),
(950, 'Christmas Carol, A', 'http://dummyimage.com/129x100.png/cc0000/ffffff', '$1673.58', '2022-01-17 16:59:39', '2022-01-17 17:15:23', 25, 5),
(951, 'Samoure', 'http://dummyimage.com/144x100.png/cc0000/ffffff', '$1101.64', '2022-01-17 16:59:39', '2022-01-17 17:15:23', 25, 5),
(952, 'Love Is the Devil', 'http://dummyimage.com/186x100.png/5fa2dd/ffffff', '$1185.08', '2022-01-17 16:59:39', '2022-01-17 17:15:23', 25, 5),
(953, 'Criminal Life of Archibaldo de la Cruz, The (Ensayo de un crimen)', 'http://dummyimage.com/226x100.png/cc0000/ffffff', '$1280.07', '2022-01-17 16:59:39', '2022-01-17 17:15:23', 25, 5),
(954, 'Stealing Home', 'http://dummyimage.com/183x100.png/5fa2dd/ffffff', '$732.00', '2022-01-17 16:59:39', '2022-01-17 17:15:23', 25, 5),
(955, 'License to Drive', 'http://dummyimage.com/101x100.png/5fa2dd/ffffff', '$1569.91', '2022-01-17 16:59:39', '2022-01-17 17:15:23', 25, 5),
(956, 'Mystic River', 'http://dummyimage.com/222x100.png/5fa2dd/ffffff', '$749.13', '2022-01-17 16:59:39', '2022-01-17 17:15:23', 25, 5),
(957, 'Fate (Yazgi)', 'http://dummyimage.com/118x100.png/ff4444/ffffff', '$817.46', '2022-01-17 16:59:39', '2022-01-17 17:15:23', 25, 5),
(958, 'Alien Abduction', 'http://dummyimage.com/225x100.png/cc0000/ffffff', '$237.22', '2022-01-17 16:59:39', '2022-01-17 17:15:23', 25, 5),
(959, 'Only the Strong Survive - A Celebration of Soul', 'http://dummyimage.com/119x100.png/cc0000/ffffff', '$921.59', '2022-01-17 16:59:39', '2022-01-17 17:15:23', 25, 5),
(960, 'Brute, The (Bruto, El)', 'http://dummyimage.com/158x100.png/ff4444/ffffff', '$251.26', '2022-01-17 16:59:39', '2022-01-17 17:15:38', 26, 5),
(961, 'Remington and the Curse of the Zombadings', 'http://dummyimage.com/184x100.png/ff4444/ffffff', '$1571.85', '2022-01-17 16:59:39', '2022-01-17 17:15:38', 26, 5),
(962, 'Vampire in Venice (Nosferatu a Venezia) (Nosferatu in Venice)', 'http://dummyimage.com/149x100.png/ff4444/ffffff', '$1261.00', '2022-01-17 16:59:39', '2022-01-17 17:15:38', 26, 5),
(963, 'Magnum Cop', 'http://dummyimage.com/228x100.png/ff4444/ffffff', '$1041.88', '2022-01-17 16:59:39', '2022-01-17 17:15:38', 26, 5),
(964, 'Blood & Donuts', 'http://dummyimage.com/122x100.png/cc0000/ffffff', '$773.16', '2022-01-17 16:59:39', '2022-01-17 17:15:38', 26, 5),
(965, 'Complete History of My Sexual Failures, A', 'http://dummyimage.com/243x100.png/5fa2dd/ffffff', '$1062.82', '2022-01-17 16:59:39', '2022-01-17 17:15:38', 26, 5),
(966, 'Sunday in New York', 'http://dummyimage.com/166x100.png/5fa2dd/ffffff', '$647.45', '2022-01-17 16:59:39', '2022-01-17 17:15:38', 26, 5),
(967, 'It Happened at the World\'s Fair', 'http://dummyimage.com/172x100.png/5fa2dd/ffffff', '$1686.91', '2022-01-17 16:59:39', '2022-01-17 17:15:38', 26, 5),
(968, 'Budd Boetticher: An American Original ', 'http://dummyimage.com/149x100.png/ff4444/ffffff', '$1263.02', '2022-01-17 16:59:39', '2022-01-17 17:15:38', 26, 5),
(969, 'Fate of a Man (Sudba cheloveka)', 'http://dummyimage.com/119x100.png/dddddd/000000', '$1730.85', '2022-01-17 16:59:39', '2022-01-17 17:15:38', 26, 5),
(970, 'Attack of the Giant Leeches', 'http://dummyimage.com/136x100.png/cc0000/ffffff', '$689.38', '2022-01-17 16:59:39', '2022-01-17 17:15:38', 26, 5),
(971, 'Little Accidents', 'http://dummyimage.com/146x100.png/cc0000/ffffff', '$1190.44', '2022-01-17 16:59:39', '2022-01-17 17:15:38', 26, 5),
(972, 'Bravo Two Zero ', 'http://dummyimage.com/176x100.png/cc0000/ffffff', '$830.13', '2022-01-17 16:59:39', '2022-01-17 17:15:38', 26, 5),
(973, 'Nine Queens (Nueve reinas)', 'http://dummyimage.com/221x100.png/cc0000/ffffff', '$1649.89', '2022-01-17 16:59:39', '2022-01-17 17:15:38', 26, 5),
(974, 'ATM', 'http://dummyimage.com/169x100.png/cc0000/ffffff', '$1386.51', '2022-01-17 16:59:39', '2022-01-17 17:15:38', 26, 5),
(975, 'Gagarin: First in Space', 'http://dummyimage.com/243x100.png/5fa2dd/ffffff', '$1764.42', '2022-01-17 16:59:39', '2022-01-17 17:15:38', 26, 5),
(976, 'Worth Winning', 'http://dummyimage.com/238x100.png/dddddd/000000', '$1618.54', '2022-01-17 16:59:39', '2022-01-17 17:15:38', 26, 5),
(977, 'Halloween III: Season of the Witch', 'http://dummyimage.com/140x100.png/ff4444/ffffff', '$765.61', '2022-01-17 16:59:39', '2022-01-17 17:15:38', 26, 5),
(978, 'Ali G Indahouse', 'http://dummyimage.com/237x100.png/5fa2dd/ffffff', '$1303.16', '2022-01-17 16:59:39', '2022-01-17 17:15:38', 26, 5),
(979, 'Bottle Shock', 'http://dummyimage.com/240x100.png/ff4444/ffffff', '$519.35', '2022-01-17 16:59:39', '2022-01-17 17:15:38', 26, 5),
(980, 'Heart of America', 'http://dummyimage.com/201x100.png/ff4444/ffffff', '$1969.87', '2022-01-17 16:59:39', '2022-01-17 17:15:38', 26, 5),
(981, 'Big Time Operators (Smallest Show on Earth, The)', 'http://dummyimage.com/120x100.png/5fa2dd/ffffff', '$1379.94', '2022-01-17 16:59:39', '2022-01-17 17:15:38', 26, 5),
(982, 'Brian\'s Song', 'http://dummyimage.com/118x100.png/ff4444/ffffff', '$1895.17', '2022-01-17 16:59:39', '2022-01-17 17:15:38', 26, 5),
(983, 'The Well-Digger\'s Daughter', 'http://dummyimage.com/148x100.png/5fa2dd/ffffff', '$899.92', '2022-01-17 16:59:39', '2022-01-17 17:15:38', 26, 5),
(984, 'Disconnect', 'http://dummyimage.com/159x100.png/dddddd/000000', '$1888.89', '2022-01-17 16:59:39', '2022-01-17 17:15:38', 26, 5),
(985, 'Rampage at Apache Wells', 'http://dummyimage.com/186x100.png/dddddd/000000', '$371.59', '2022-01-17 16:59:39', '2022-01-17 17:15:38', 26, 5),
(986, 'Twilight Saga: Eclipse, The', 'http://dummyimage.com/127x100.png/5fa2dd/ffffff', '$1246.82', '2022-01-17 16:59:39', '2022-01-17 17:15:38', 26, 5),
(987, 'Journey to Italy (Viaggio in Italia) (Voyage to Italy) (Voyage in Italy)', 'http://dummyimage.com/175x100.png/dddddd/000000', '$1590.79', '2022-01-17 16:59:39', '2022-01-17 17:15:38', 26, 5),
(988, 'Fireworks Wednesday (Chaharshanbe-soori)', 'http://dummyimage.com/121x100.png/5fa2dd/ffffff', '$1098.69', '2022-01-17 16:59:39', '2022-01-17 17:15:38', 26, 5),
(989, 'How Bruce Lee Changed the World', 'http://dummyimage.com/100x100.png/cc0000/ffffff', '$1684.04', '2022-01-17 16:59:39', '2022-01-17 17:15:38', 26, 5),
(990, 'Golden Gate', 'http://dummyimage.com/220x100.png/cc0000/ffffff', '$667.59', '2022-01-17 16:59:39', '2022-01-17 17:15:38', 26, 5),
(991, 'Torn Curtain', 'http://dummyimage.com/150x100.png/cc0000/ffffff', '$1471.05', '2022-01-17 16:59:39', '2022-01-17 17:15:38', 26, 5),
(992, 'Exploding Girl, The', 'http://dummyimage.com/147x100.png/cc0000/ffffff', '$739.55', '2022-01-17 16:59:39', '2022-01-17 17:15:38', 26, 5),
(993, 'Ararat', 'http://dummyimage.com/160x100.png/cc0000/ffffff', '$355.96', '2022-01-17 16:59:39', '2022-01-17 17:15:38', 26, 5),
(994, 'White Night (Hvid nat)', 'http://dummyimage.com/207x100.png/cc0000/ffffff', '$1810.08', '2022-01-17 16:59:39', '2022-01-17 17:15:38', 26, 5),
(995, 'Fat, Sick & Nearly Dead', 'http://dummyimage.com/249x100.png/cc0000/ffffff', '$549.25', '2022-01-17 16:59:39', '2022-01-17 17:15:38', 26, 5),
(996, 'Heroes for Sale', 'http://dummyimage.com/222x100.png/dddddd/000000', '$1558.18', '2022-01-17 16:59:39', '2022-01-17 17:15:38', 26, 5),
(997, 'Last Dance', 'http://dummyimage.com/211x100.png/dddddd/000000', '$225.49', '2022-01-17 16:59:39', '2022-01-17 17:15:38', 26, 5),
(998, 'Island, The', 'http://dummyimage.com/123x100.png/ff4444/ffffff', '$613.89', '2022-01-17 16:59:39', '2022-01-17 17:15:38', 26, 5),
(999, 'Dr. Goldfoot and the Girl Bombs (Le spie vengono dal semifreddo)', 'http://dummyimage.com/232x100.png/5fa2dd/ffffff', '$1796.68', '2022-01-17 16:59:39', '2022-01-17 17:15:38', 26, 5),
(1000, 'Police, Adjective (Politist, adj.)', 'http://dummyimage.com/137x100.png/cc0000/ffffff', '$1559.32', '2022-01-17 16:59:39', '2022-01-17 17:15:38', 26, 5),
(1001, 'tssad', 'asasdasdas', 'asdasdasd', '2022-01-17 17:26:51', NULL, NULL, NULL);

--
-- Indexes for dumped tables
--

--
-- Indexes for table `brand`
--
ALTER TABLE `brand`
  ADD PRIMARY KEY (`id`);

--
-- Indexes for table `outlet`
--
ALTER TABLE `outlet`
  ADD PRIMARY KEY (`id`);

--
-- Indexes for table `product`
--
ALTER TABLE `product`
  ADD PRIMARY KEY (`id`);

--
-- AUTO_INCREMENT for dumped tables
--

--
-- AUTO_INCREMENT for table `brand`
--
ALTER TABLE `brand`
  MODIFY `id` int NOT NULL AUTO_INCREMENT, AUTO_INCREMENT=10;

--
-- AUTO_INCREMENT for table `outlet`
--
ALTER TABLE `outlet`
  MODIFY `id` int NOT NULL AUTO_INCREMENT, AUTO_INCREMENT=27;

--
-- AUTO_INCREMENT for table `product`
--
ALTER TABLE `product`
  MODIFY `id` int NOT NULL AUTO_INCREMENT, AUTO_INCREMENT=1002;
COMMIT;

/*!40101 SET CHARACTER_SET_CLIENT=@OLD_CHARACTER_SET_CLIENT */;
/*!40101 SET CHARACTER_SET_RESULTS=@OLD_CHARACTER_SET_RESULTS */;
/*!40101 SET COLLATION_CONNECTION=@OLD_COLLATION_CONNECTION */;
